phi,T (K),H2,H,O,O2,OH,H2O,HO2,H2O2,C,CH,CH2,CH2(S),CH3,CH4,CO,CO2,HCO,CH2O,CH2OH,CH3O,CH3OH,C2H,C2H2,C2H3,C2H4,C2H5,C2H6,HCCO,CH2CO,HCCOH,N,NH,NH2,NH3,NNH,NO,NO2,N2O,HNO,CN,HCN,H2CN,HCNN,HCNO,HOCN,HNCO,NCO,N2,AR,C3H7,C3H8,CH2CHO,CH3CHO,C(gr)
0.3,2553.3248069688366,0.0024068096703706095,0.0015704292741858929,0.014645765727461832,0.5982043312891452,0.034452818387663404,0.2404219120660555,5.551813685299179e-05,1.4597872998336125e-06,5.673914542830539e-16,2.9396461869651964e-17,1.5920000070190198e-17,1.2459550120248194e-18,1.482008443592941e-17,1.287038025904062e-18,0.007782243461921654,0.12265253756094724,1.5911298248963613e-09,7.43759735950594e-12,3.6218120149580797e-17,7.207419805423293e-19,6.59914404870158e-19,4.502033078484495e-24,8.623133325117137e-23,8.200692864652745e-28,1.2378279696226761e-28,1.6926410857417238e-33,2.443928630722367e-35,4.8274506989721423e-20,1.0902202560238187e-20,2.703287674304528e-23,0.0,0.0,0.0,0.0,0.0,0.0,0.0,0.0,0.0,0.0,0.0,0.0,0.0,0.0,0.0,0.0,0.0,0.0,0.0,7.702999294999748e-50,1.0394745381781177e-51,5.88320478828481e-26,2.5034562654898754e-27,0.0
0.3653061224489796,2692.9671005862488,0.005488824372069973,0.004186111695791173,0.0258536829604968,0.5233039524156025,0.053170564068197326,0.27468060541229083,7.433663226064849e-05,2.031473428052002e-06,1.1107430361865763e-14,6.36456561184916e-16,3.0634497646301794e-16,2.6235775259086476e-17,2.347441489056734e-16,1.8044378380882263e-17,0.01823942843082849,0.1362040492224722,8.084797514343574e-09,3.910500114000637e-11,3.59449782485168e-16,7.747922051334937e-18,6.1584828823927735e-18,3.022690179767432e-22,3.790195644882156e-21,6.295714917974965e-26,7.776201419752002e-27,1.861756513920146e-31,2.4613535460367766e-33,1.1466043493976055e-18,2.246349556660596e-19,7.737881316874216e-22,0.0,0.0,0.0,0.0,0.0,0.0,0.0,0.0,0.0,0.0,0.0,0.0,0.0,0.0,0.0,0.0,0.0,0.0,0.0,6.11373645851042e-47,7.529277847232797e-49,2.1457020597129332e-24,8.589305524742328e-26,0.0
0.4306122448979592,2787.567931643901,0.009686521835822987,0.007949172163480575,0.035946665722868476,0.4558425982334612,0.06963303012523737,0.30580078378480824,8.640306807888645e-05,2.477284195500525e-06,7.488342710789602e-14,4.679609770472814e-15,2.142785650636397e-15,1.9406652669486285e-16,1.4916565212383482e-15,1.0914090528362335e-16,0.03189160809006662,0.14527041709540642,2.3409942856360544e-08,1.1855051262360552e-10,1.6557570145071215e-15,3.7534660377900583e-17,2.798900666955139e-17,4.73684442841762e-21,4.680164978001335e-20,1.125236927698199e-24,1.2580459422088432e-25,4.36822356481481e-30,5.605195043554643e-32,9.129730542653452e-18,1.678763066628115e-18,7.095968064003109e-21,0.0,0.0,0.0,0.0,0.0,0.0,0.0,0.0,0.0,0.0,0.0,0.0,0.0,0.0,0.0,0.0,0.0,0.0,0.0,5.4257889529087634e-45,6.472757347468404e-47,2.3417106259069035e-23,9.252063510310328e-25,0.0
0.4959183673469388,2855.9888075215217,0.01490354069742911,0.012624454703587817,0.044084058274265064,0.39539757231833206,0.08349186659230137,0.33437247487158983,9.295297712055497e-05,2.8051161467296485e-06,2.8905366289788327e-13,1.9523835517670183e-14,8.798746139892557e-15,8.278703789144797e-16,5.846009438777655e-15,4.2178832320012574e-16,0.04770197647350071,0.15098971457691046,5.031924468270188e-08,2.6792101213514377e-10,5.070550169032379e-15,1.190115062292471e-16,8.654388028407949e-17,3.4560098263092804e-20,2.9574477615378545e-19,9.319449989692784e-24,9.920267527007447e-25,4.521714838292609e-29,5.793524843080811e-31,4.083440156551647e-17,7.327801060801049e-18,3.562409952207502e-20,0.0,0.0,0.0,0.0,0.0,0.0,0.0,0.0,0.0,0.0,0.0,0.0,0.0,0.0,0.0,0.0,0.0,0.0,0.0,1.5082009280268187e-43,1.794205080661713e-45,1.348214881673554e-22,5.3800066168347465e-24,0.0
0.5612244897959184,2907.6331886324338,0.02109811327629813,0.01801090375114231,0.0501168596952157,0.3413242049517594,0.09480967119752581,0.36068792575816644,9.522327375329468e-05,3.0280886541303363e-06,8.012750151254565e-13,5.81391481409607e-14,2.6295290559766372e-14,2.5433887501088296e-15,1.7154931090359893e-14,1.2449137013621414e-15,0.06495330221581638,0.1541701128065282,9.045285666905416e-08,5.071870989476724e-10,1.2143922137274009e-14,2.923535805826357e-16,2.1198068860060958e-16,1.6003228416672968e-19,1.2533906841198547e-18,4.877406632257643e-23,5.088912481469244e-24,2.8680128462203954e-28,3.7280936982700795e-30,1.2945030193615625e-16,2.3180554234431107e-17,1.247169664601831e-19,0.0,0.0,0.0,0.0,0.0,0.0,0.0,0.0,0.0,0.0,0.0,0.0,0.0,0.0,0.0,0.0,0.0,0.0,0.0,2.0927372657577583e-42,2.523427528315497e-44,5.291710405987516e-22,2.1601143284430655e-23,0.0
0.6265306122448979,2947.636550738969,0.02826303971141701,0.02394232991206794,0.054145037055077096,0.29299908795577156,0.10373566455152658,0.38492609636469216,9.422330701347372e-05,3.158988520328861e-06,1.7904502040021624e-12,1.3896465479196145e-13,6.387468180533197e-14,6.307629056279123e-15,4.1671339900826823e-14,3.0798861661127928e-15,0.08315654716870402,0.15538254592366285,1.4459752295495267e-07,8.545086000064302e-10,2.474412470783014e-14,6.072116768163168e-16,4.453251832037422e-16,5.514613137296278e-19,4.097018440115247e-18,1.8932942341275414e-22,1.9727697804030713e-23,1.321668192000071e-27,1.7606870407124044e-29,3.2790597834825145e-16,5.943267105419245e-17,3.4507552752396155e-19,0.0,0.0,0.0,0.0,0.0,0.0,0.0,0.0,0.0,0.0,0.0,0.0,0.0,0.0,0.0,0.0,0.0,0.0,0.0,1.8462359123965963e-41,2.2799181488271557e-43,1.6170657149587317e-21,6.807007601063957e-23,0.0
0.6918367346938776,2979.024356820079,0.03641545978282157,0.03027618966566141,0.056353040714236274,0.24987194663916396,0.11042547478306715,0.40721079029268814,9.0755117033294e-05,3.2094729510312756e-06,3.4421787386181303e-12,2.8495418923438853e-13,1.3431608893194843e-13,1.3475994647919329e-14,8.876676548464438e-14,6.740881856979307e-15,0.10197246823157584,0.15504020608458907,2.129127704041144e-07,1.3269002220686112e-09,4.5020959677127907e-14,1.1212017349309161e-15,8.402242097023236e-16,1.5483354271546693e-18,1.1191098359244332e-17,5.975361135540285e-22,6.300812840397491e-23,4.881370038101806e-27,6.712405295519526e-29,7.107293351990083e-16,1.317109913612165e-16,8.107266299097984e-19,0.0,0.0,0.0,0.0,0.0,0.0,0.0,0.0,0.0,0.0,0.0,0.0,0.0,0.0,0.0,0.0,0.0,0.0,0.0,1.1905196492442772e-40,1.5167690545304875e-42,4.152412434383477e-21,1.812875616513375e-22,0.0
0.7571428571428571,3003.6787305238618,0.0455923883150248,0.03688365512057152,0.056948680522241966,0.21146803049293217,0.1150219781171471,0.4276315230628883,8.546073350266584e-05,3.1901112148534073e-06,5.9239781358899286e-12,5.221047519779239e-13,2.541738396855657e-13,2.581542830552725e-14,1.7187491753129458e-13,1.350281837047594e-14,0.12116084318709736,0.15345025875556528,2.950844286949976e-07,1.940906668797226e-09,7.537836628766599e-14,1.898751211909355e-15,1.4656109630937709e-15,3.745261246086451e-18,2.6848043508076996e-17,1.6232049513502634e-21,1.749955430900403e-22,1.5361337118502178e-26,2.19289752019099e-28,1.3750518095675115e-15,2.626046181604448e-16,1.690909199710886e-18,0.0,0.0,0.0,0.0,0.0,0.0,0.0,0.0,0.0,0.0,0.0,0.0,0.0,0.0,0.0,0.0,0.0,0.0,0.0,6.121870831259546e-40,8.093701843825054e-42,9.395410613271039e-21,4.273908754109902e-22,0.0
0.8224489795918368,3022.8103159426396,0.05584917532087274,0.04364191462121453,0.0561408030266973,0.17737874466055106,0.11765279186394095,0.4462517659927487,7.886190605890618e-05,3.110567409364403e-06,9.361749278702955e-12,8.77580757958636e-13,4.439670295535581e-13,4.551606726120015e-14,3.097695828910357e-13,2.5324594264926985e-14,0.1405484700023324,0.15084665386197027,3.9041651969435446e-07,2.7132348300984324e-09,1.184608869080694e-13,3.0101942331659794e-15,2.409587824889293e-15,8.094278386006874e-18,5.8460452782138e-17,3.940676917294653e-21,4.380994624022139e-22,4.2899253425127214e-26,6.389387851054118e-28,2.441209527617547e-15,4.836942911062158e-16,3.2237433245185595e-18,0.0,0.0,0.0,0.0,0.0,0.0,0.0,0.0,0.0,0.0,0.0,0.0,0.0,0.0,0.0,0.0,0.0,0.0,0.0,2.6600365098982282e-39,3.6680862882254444e-41,1.932765195021343e-20,9.198641201164073e-22,0.0
0.8877551020408163,3037.206011646095,0.06725955913351245,0.050428024628607425,0.05413224290440583,0.14725063617162232,0.11843270997403921,0.4631121358043461,7.138959499526904e-05,2.9797945603671977e-06,1.3817574453878602e-11,1.3774179266297783e-12,7.283036752907382e-13,7.518861290623378e-14,5.283248540078472e-13,4.519206081473457e-14,0.16000857704575341,0.1474114161278965,4.978756966437586e-07,3.661344793989202e-09,1.7714751456490775e-13,4.5309286257255926e-15,3.7849501809635416e-15,1.6023327601139048e-17,1.182041387842331e-16,8.77541242775155e-21,1.0138601593730271e-21,1.093841241864491e-25,1.707839032808516e-27,4.0531278257308915e-15,8.383499967228961e-16,5.732723362180801e-18,0.0,0.0,0.0,0.0,0.0,0.0,0.0,0.0,0.0,0.0,0.0,0.0,0.0,0.0,0.0,0.0,0.0,0.0,0.0,1.0171067865806389e-38,1.4699560868345793e-40,3.6941978447208824e-20,1.84693544787076e-21,0.0
0.953061224489796,3047.3665557762347,0.07991665347260365,0.05711368819867069,0.05111900690062736,0.12077525366877831,0.1174678620597174,0.47823114291932534,6.340534020711237e-05,2.8062187604044813e-06,1.9268761498561485e-11,2.043716112934802e-12,1.1358752743834803e-12,1.1783886830419043e-13,8.629600679825033e-13,7.765347377965142e-14,0.1794471078593309,0.1432889678573951,6.160981220584844e-07,4.804007691430072e-09,2.545450552467787e-13,6.540382541550962e-15,5.736955726105723e-15,2.9569309820983055e-17,2.256307972553018e-16,1.8265064261859102e-20,2.2093729697311574e-21,2.5998990307319956e-25,4.275915610742784e-27,6.378419314297661e-15,1.3856646520513161e-15,9.647169693991529e-18,0.0,0.0,0.0,0.0,0.0,0.0,0.0,0.0,0.0,0.0,0.0,0.0,0.0,0.0,0.0,0.0,0.0,0.0,0.0,3.52545012264927e-38,5.366171065463727e-40,6.664010929037836e-20,3.514632850682239e-21,0.0
1.0183673469387755,3053.58603757063,0.093934431528777,0.06356059481104576,0.047291988658703085,0.0976802136917647,0.11486084566050779,0.4916045211752165,5.521664305413844e-05,2.5979125987459293e-06,2.5588547748608206e-11,2.8911987725206987e-12,1.6991963821834731e-12,1.7680366385439426e-13,1.362048613924302e-12,1.2966849480629584e-13,0.19879317635364196,0.1385962026243195,7.433645623181456e-07,6.161826442297299e-09,3.539702368316084e-13,9.120441580199412e-15,8.45419435166722e-15,5.152019741452702e-17,4.116606570096075e-16,3.6034128960236255e-20,4.5980022691627865e-21,5.851730984526695e-25,1.0189979916039707e-26,9.607841958391475e-15,2.2060432896940423e-15,1.5527786007713096e-17,0.0,0.0,0.0,0.0,0.0,0.0,0.0,0.0,0.0,0.0,0.0,0.0,0.0,0.0,0.0,0.0,0.0,0.0,0.0,1.1330182491783513e-37,1.8258367368047706e-39,1.1478490763944024e-19,6.415500551475636e-21,0.0
1.0836734693877552,3055.999083445005,0.10944923548500433,0.06961623833372801,0.04283955580590228,0.07772116841659464,0.11071688548220192,0.503203646973508,4.708783514727987e-05,2.362758666599301e-06,3.2529913471965106e-11,3.923035094339163e-12,2.4538755874931765e-12,2.5562258797197536e-13,2.0916685735706393e-12,2.1197479096774095e-13,0.2179920359460222,0.13342997752611804,8.775469737233577e-07,7.757688986423037e-09,4.789043883626018e-13,1.2352833122386169e-14,1.2183737753009047e-14,8.555221807484866e-17,7.247925847344374e-16,6.810902183280379e-20,9.241011496477529e-21,1.2626426415777728e-24,2.341270831507253e-26,1.3953384919249479e-14,3.4091870603509376e-15,2.4098260847289797e-17,0.0,0.0,0.0,0.0,0.0,0.0,0.0,0.0,0.0,0.0,0.0,0.0,0.0,0.0,0.0,0.0,0.0,0.0,0.0,3.436757102412744e-37,5.897122735516218e-39,1.9047211516828397e-19,1.1339878286737084e-20,0.0
1.1489795918367347,3054.6096601720415,0.1266205903218762,0.07511047527539422,0.03795009493900627,0.06067419045002574,0.10515134480380564,0.5129734955007719,3.9247289941688e-05,2.1085994621267436e-06,3.971558239975814e-11,5.125922444636696e-12,3.4370769502729183e-12,3.5780690312823375e-13,3.142182266890475e-12,3.4131920751498973e-13,0.23699949356712408,0.12787310365335475,1.0160295795519476e-06,9.617077035069357e-09,6.328955861675957e-13,1.6314736242046754e-14,1.7252122835019544e-14,1.3633227032895263e-16,1.2408358337637686e-15,1.2437489049212973e-19,1.809954027287714e-20,2.6377823406426596e-24,5.24169567872566e-26,1.964369612871814e-14,5.145508501932798e-15,3.6283102155128264e-17,0.0,0.0,0.0,0.0,0.0,0.0,0.0,0.0,0.0,0.0,0.0,0.0,0.0,0.0,0.0,0.0,0.0,0.0,0.0,9.981612605797192e-37,1.8355357768294237e-38,3.066072912663145e-19,1.9558491004446118e-20,0.0
1.2142857142857144,3049.3101781708297,0.14563011313359603,0.0798535801866226,0.032813758685037414,0.04632806877917417,0.09829891857727535,0.5208308145011338,3.189134478555212e-05,1.8433609918235344e-06,4.663958191761993e-11,6.4646795475538965e-12,4.684661922523402e-12,4.864517761328395e-13,4.637210313578206e-12,5.441458669533606e-13,0.2557770424582273,0.12199956796504575,1.1556106317316757e-06,1.176807797619286e-08,8.19370100416876e-13,2.1071592231964233e-14,2.4094056364924433e-14,2.095284033525891e-16,2.0782164360369134e-15,2.208864673024988e-19,3.481046840595926e-20,5.3786898058054775e-24,1.1538400105860218e-25,2.691476882572469e-14,7.622373103298966e-15,5.324999194968793e-17,0.0,0.0,0.0,0.0,0.0,0.0,0.0,0.0,0.0,0.0,0.0,0.0,0.0,0.0,0.0,0.0,0.0,0.0,0.0,2.8090948355426328e-36,5.576990193771533e-38,4.813918394563972e-19,3.31253119953596e-20,0.0
1.279591836734694,3039.8976201695714,0.16667657130433797,0.08363727456228931,0.027622502894787418,0.0344761022047272,0.0903245237976696,0.5266637314209505,2.5184950068480476e-05,1.575122530862298e-06,5.268849472479305e-11,7.877107582517128e-12,6.22632204157577e-12,6.436261612734085e-13,6.745512114738222e-12,8.627496200048554e-13,0.2742872357698437,0.1158794725546822,1.2923999371437114e-06,1.4240837994288675e-08,1.041299165004654e-12,2.666581793981586e-14,3.329078521256966e-14,3.1162886307124116e-16,3.421999695924765e-15,3.834967047458706e-19,6.616545686741858e-20,1.0776728095056101e-23,2.5167524868673827e-25,3.59927876224874e-14,1.1126901206460099e-14,7.645090616761838e-17,0.0,0.0,0.0,0.0,0.0,0.0,0.0,0.0,0.0,0.0,0.0,0.0,0.0,0.0,0.0,0.0,0.0,0.0,0.0,7.73687755665532e-36,1.6724241510565446e-37,7.403217021958387e-19,5.53835785046673e-20,0.0
1.3448979591836736,3026.0932138850876,0.18996427649206438,0.08624111625848485,0.022567198873529173,0.024907278686326403,0.08143504930329537,0.530334842547698,1.9258929154255178e-05,1.3120844199576633e-06,5.7192691324636164e-11,9.270733550978363e-12,8.077936824410555e-12,8.294819751954423e-13,9.695893393708571e-12,1.3655914906898672e-12,0.2924890937904616,0.10958390302494156,1.4217444657978253e-06,1.7066064303080822e-08,1.300655410873799e-12,3.310012750087127e-14,4.5619390081793316e-14,4.494154664281269e-16,5.561192871970906e-15,6.5343831855039145e-19,1.2495737270177864e-19,2.1330752605757215e-23,5.475641431040711e-25,4.706509814007962e-14,1.605716951092019e-14,1.0764882237003934e-16,0.0,0.0,0.0,0.0,0.0,0.0,0.0,0.0,0.0,0.0,0.0,0.0,0.0,0.0,0.0,0.0,0.0,0.0,0.0,2.10259788516954e-35,4.996952018041227e-37,1.1187499615776867e-18,9.181292358550505e-20,0.0
1.410204081632653,3007.5724192753814,0.21568152822977774,0.0874473962926338,0.017830421083977404,0.017397401547998972,0.0718894692263073,0.5316907561356339,1.4204019868210858e-05,1.0623653976514767e-06,5.951661156005895e-11,1.052420103958685e-11,1.0230692622960263e-11,1.0410824166840862e-12,1.3794215585799529e-11,2.1645684539306264e-12,0.31033376542585883,0.10318951147014957,1.5382406828363914e-06,2.0272102834860264e-08,1.5976042020699403e-12,4.031500302900329e-14,6.211216501583656e-14,6.28892199376143e-16,8.945392528515249e-15,1.095602413359843e-18,2.3548545987104213e-19,4.1879831721442986e-23,1.1947834121299671e-24,6.023533573535779e-14,2.296312344794505e-14,1.4890549886299677e-16,0.0,0.0,0.0,0.0,0.0,0.0,0.0,0.0,0.0,0.0,0.0,0.0,0.0,0.0,0.0,0.0,0.0,0.0,0.0,5.674362732071641e-35,1.4991606073175381e-36,1.6649047698438056e-18,1.5144061175879204e-19,0.0
1.4755102040816328,2984.0107359124477,0.24396691774072796,0.08706733146520337,0.013573966252752537,0.011701879196864206,0.062002429468227135,0.5305813364592146,1.006286738411036e-05,8.335602244244937e-07,5.918768913954928e-11,1.1496980693304074e-11,1.2637627586171576e-11,1.2711022764797403e-12,1.943960195004013e-11,3.4436943048355455e-12,0.3277613064832677,0.09678195444034964,1.6359195207636304e-06,2.3880247543998833e-08,1.9294417868242166e-12,4.816234334915226e-14,8.412133214885418e-14,8.534971745979392e-16,1.426768506971587e-14,1.810114122839974e-18,4.441901832496325e-19,8.177730935044349e-23,2.6251244427697436e-24,7.546166696085804e-14,3.2596871660812836e-14,2.02493236775877e-16,0.0,0.0,0.0,0.0,0.0,0.0,0.0,0.0,0.0,0.0,0.0,0.0,0.0,0.0,0.0,0.0,0.0,0.0,0.0,1.5274143187865234e-34,4.542397394308945e-36,2.442929827358207e-18,2.491625157681326e-19,0.0
1.5408163265306125,2955.1453262304744,0.2748656285398187,0.08497829264121674,0.00992195486212881,0.00755324409395215,0.05213444403752506,0.5268900802656562,6.822920743979554e-06,6.320421003101569e-07,5.6041453288311825e-11,1.2050379711900485e-11,1.5200598802458403e-11,1.5068183559204878e-12,2.713429079096532e-11,5.506095177844701e-12,0.3447001463283686,0.09045661849745529,1.7086923818237902e-06,2.7898519110905752e-08,2.289448349713656e-12,5.638194991934435e-14,1.133798084243019e-13,1.1216325937515448e-15,2.257970810204243e-14,2.947119452604963e-18,8.400381504424232e-19,1.5898604916430094e-22,5.821517814709377e-24,9.248507297414146e-14,4.596930165609064e-14,2.706895511555989e-16,0.0,0.0,0.0,0.0,0.0,0.0,0.0,0.0,0.0,0.0,0.0,0.0,0.0,0.0,0.0,0.0,0.0,0.0,0.0,4.109679369488352e-34,1.3947707296066458e-35,3.5350494381783365e-18,4.0948588870828023e-19,0.0
1.606122448979592,2920.8413023426333,0.3082858648887921,0.0811651123171391,0.006943663961594439,0.004666914557433222,0.042663081886303855,0.5205717859180308,4.4149652088506465e-06,4.6212957580398765e-07,5.033031908258769e-11,1.2078762262257345e-11,1.7763694103548035e-11,1.7300856877040393e-12,3.747986825996905e-11,8.849931387682093e-12,0.36107098231168094,0.08431489693604692,1.7510828419239367e-06,3.231527301281961e-08,2.6660489152937804e-12,6.459284216367627e-14,1.5204810893145256e-13,1.424013344744623e-15,3.5441246755277375e-14,4.723300695522105e-18,1.5931015150576605e-18,3.0759404644991846e-22,1.3037303548679536e-23,1.1076745389490123e-13,6.440775828353668e-14,3.5543543149589736e-16,0.0,0.0,0.0,0.0,0.0,0.0,0.0,0.0,0.0,0.0,0.0,0.0,0.0,0.0,0.0,0.0,0.0,0.0,0.0,1.1051220913900017e-33,4.344009828012301e-35,5.041596884107159e-18,6.724355255384768e-19,0.0
1.6714285714285715,2881.139328215854,0.3439733288523588,0.07575067299921831,0.00464337709922711,0.002756643946386767,0.03393682077145527,0.5116861578410272,2.721810191468393e-06,3.2541116686683085e-07,4.272856175354104e-11,1.154248215343544e-11,2.012054869548007e-11,1.91900192820729e-12,5.1154669297209994e-11,1.4290214548226834e-11,0.37679561484009905,0.078455507199153,1.7591213490954545e-06,3.709515694715939e-08,3.0428215807068417e-12,7.231269916475713e-14,2.0274769149345306e-13,1.7419259174036549e-15,5.510264849257044e-14,7.436947380458437e-18,3.0266071464258157e-18,5.912182546902296e-22,2.9455703582078654e-23,1.2947018047402598e-13,8.961158943662895e-14,4.578961157479516e-16,0.0,0.0,0.0,0.0,0.0,0.0,0.0,0.0,0.0,0.0,0.0,0.0,0.0,0.0,0.0,0.0,0.0,0.0,0.0,2.9640810053134867e-33,1.3705221127468105e-34,7.077871991784836e-18,1.1027404564125438e-18,0.0
1.7367346938775512,2836.2600056790325,0.38152077975104126,0.06899919886674627,0.0029639951259084114,0.001556283389606294,0.026224734573952226,0.5004120220015191,1.597712205458259e-06,2.205821984669387e-07,3.419702257514569e-11,1.0487939653342683e-11,2.203973118127979e-11,2.0514061268926327e-12,6.887445948529315e-11,2.3155872748698546e-11,0.3918085730493555,0.07296300141517456,1.7311219459722965e-06,4.2179951123731184e-08,3.3997309867710094e-12,7.901058308406114e-14,2.686042490592339e-13,2.047729309199028e-15,8.471949432915632e-14,1.147765684801889e-17,5.750447411416743e-18,1.1263581387389175e-21,6.701504248515386e-23,1.4749978558305372e-13,1.2371191294021874e-13,5.780355484787549e-16,0.0,0.0,0.0,0.0,0.0,0.0,0.0,0.0,0.0,0.0,0.0,0.0,0.0,0.0,0.0,0.0,0.0,0.0,0.0,7.906152577436283e-33,4.369117002671918e-34,9.767947595801046e-18,1.804165648187345e-18,0.0
1.802040816326531,2786.5589237226827,0.42041524138563335,0.06128579618635741,0.001805075033332103,0.0008400243280953726,0.01968178611955356,0.4870329359708986,8.930138773724613e-07,1.4395735609708672e-07,2.5746466448614562e-11,9.042670100568288e-12,2.33042096445306e-11,2.1093850991814343e-12,9.134750730708597e-11,3.7616271363273964e-11,0.4060670852121364,0.06789791944258276,1.6680421949649257e-06,4.7494916774239494e-08,3.715447557497646e-12,8.418212918572073e-14,3.5334973728997837e-13,2.308325526601561e-15,1.286111558576338e-13,1.7328077490683532e-17,1.0909160027973499e-17,2.122652682828915e-21,1.5326422367951564e-22,1.636230810496633e-13,1.6935661969704525e-13,7.143435207360451e-16,0.0,0.0,0.0,0.0,0.0,0.0,0.0,0.0,0.0,0.0,0.0,0.0,0.0,0.0,0.0,0.0,0.0,0.0,0.0,2.0915817155450102e-32,1.4040608103691771e-33,1.3237139113197038e-17,2.942391388873513e-18,0.0
1.8673469387755104,2732.4538928555103,0.4601060582547668,0.053042588891582615,0.0010481970342347856,0.000433557984921852,0.014342974562460118,0.4718992004839626,4.752480118464413e-07,9.046839976881425e-08,1.820121972970042e-11,7.385535795174575e-12,2.3753279728859807e-11,2.0832833196016815e-12,1.1923861158648377e-10,6.1239600029244e-11,0.41955540969451516,0.06329256807483033,1.573316567303538e-06,5.295854027177467e-08,3.970083864648514e-12,8.742429776548564e-14,4.615421675495935e-13,2.4910479301144394e-15,1.9259709155897667e-13,2.555807292956619e-17,2.06484447656472e-17,3.952583260559968e-21,3.521048926585694e-22,1.7662386547792333e-13,2.2985336308933837e-13,8.638007568774504e-16,0.0,0.0,0.0,0.0,0.0,0.0,0.0,0.0,0.0,0.0,0.0,0.0,0.0,0.0,0.0,0.0,0.0,0.0,0.0,5.480830530829644e-32,4.5442843573513274e-33,1.7605680307745803e-17,4.782801975575404e-18,0.0
1.9326530612244899,2674.359498510968,0.5000689359715552,0.044701433257859566,0.0005797249793663198,0.0002138253863366045,0.010144146025618453,0.45538224942963923,2.4064325182720666e-07,5.473260060110959e-08,1.2057479903278568e-11,5.704712663939244e-12,2.3314295686418408e-11,1.9739075581872e-12,1.5315173944059471e-10,9.997685614257867e-11,0.43228272091451536,0.0591532356207095,1.4523059211505811e-06,5.849225416060557e-08,4.147576968554354e-12,8.848893880913664e-14,5.989550715700729e-13,2.5703330642763408e-15,2.844699876736686e-13,3.681432699883041e-17,3.9010316433049555e-17,7.274057433853324e-21,8.133101599917151e-22,1.8546115696958908e-13,3.094074748154418e-13,1.0220724650774344e-15,0.0,0.0,0.0,0.0,0.0,0.0,0.0,0.0,0.0,0.0,0.0,0.0,0.0,0.0,0.0,0.0,0.0,0.0,0.0,1.4234847291755198e-31,1.4832229491863922e-32,2.2985574286598944e-17,7.754954335828702e-18,0.0
1.9979591836734696,2612.6543201610302,0.5398492781506724,0.03664903508302935,0.000304754905632226,0.00010058745707106378,0.006956025303631531,0.4378369170053485,1.157352954201636e-07,3.184647542922691e-08,7.466082889736965e-12,4.159560495084873e-12,2.201681052514428e-11,1.7924390762401504e-12,1.9363284885505453e-10,1.6393996600915826e-10,0.4442768618996635,0.05546652986725178,1.3116160394402849e-06,6.402767192271159e-08,4.237286408620054e-12,8.730723060544988e-14,7.731815508168959e-13,2.5333052259291186e-15,4.146901629116145e-13,5.180949570524699e-17,7.369021957453196e-17,1.325042722984132e-20,1.8937308415702305e-21,1.8939959228640975e-13,4.1349362571593195e-13,1.1838618325293292e-15,0.0,0.0,0.0,0.0,0.0,0.0,0.0,0.0,0.0,0.0,0.0,0.0,0.0,0.0,0.0,0.0,0.0,0.0,0.0,3.6739677106423094e-31,4.9002375908271946e-32,2.948132008219523e-17,1.2565401183822703e-17,0.0
2.063265306122449,2547.6856331159765,0.579082291343793,0.0291992765466733,0.00015183370497221036,4.50033761044459e-05,0.004617693757762416,0.41957859504888234,5.272372166474793e-08,1.779131757121044e-08,4.307997393089622e-12,2.8568409229465713e-12,1.9987948191731724e-11,1.5583247437412636e-12,2.411897895771506e-10,2.7068546931892823e-10,0.45557717192571023,0.05220663227521079,1.1584678462998798e-06,6.951077011818176e-08,4.234785899026163e-12,8.398843647938385e-14,9.945083350703884e-13,2.382849823047403e-15,5.974176006291102e-13,7.131519209474831e-17,1.3956771400052318e-16,2.395362647855544e-20,4.4627749526307796e-21,1.880997144886227e-13,5.494087392815883e-13,1.3433569963350222e-15,0.0,0.0,0.0,0.0,0.0,0.0,0.0,0.0,0.0,0.0,0.0,0.0,0.0,0.0,0.0,0.0,0.0,0.0,0.0,9.463629445781766e-31,1.648103871447284e-31,3.71943535385577e-17,2.0399161750627126e-17,0.0
2.1285714285714286,2479.8007383576823,0.6174962653398864,0.022579598837109825,7.144236792175097e-05,1.9079962057732325e-05,0.0029621064761110286,0.4008741533865022,2.2672283313559312e-08,9.521897082327774e-09,2.3084512238448607e-12,1.8438802945820952e-12,1.7431417731031176e-11,1.2957811676115824e-12,2.9632610880129017e-10,4.5140200019481146e-10,0.46622858710309917,0.04934127141146848,1.0001679038086796e-06,7.490370429223134e-08,4.142005302162886e-12,7.879984482916434e-14,1.277146243798874e-12,2.137402312738588e-15,8.520475201003079e-13,9.616353737783411e-17,2.659674313783487e-16,4.3117194505506326e-20,1.0697528969079308e-20,1.8166373906351857e-13,7.270738184709433e-13,1.4947311530557824e-15,0.0,0.0,0.0,0.0,0.0,0.0,0.0,0.0,0.0,0.0,0.0,0.0,0.0,0.0,0.0,0.0,0.0,0.0,0.0,2.44612567228523e-30,5.683202423356711e-31,4.623088949739526e-17,3.328592315030615e-17,0.0
2.193877551020408,2409.3875079126174,0.6549067704351582,0.016926661190429505,3.1632629111677295e-05,7.635602953636798e-06,0.0018324632165956194,0.3819418643431851,9.169287470473355e-09,4.870386181471924e-09,1.144926799441471e-12,1.1158833171952092e-12,1.459420480030991e-11,1.0296576154819014e-12,3.595871235494527e-10,7.627996925323428e-10,0.4762777543839634,0.046835675944588706,8.436425385842106e-07,8.018514407761975e-08,3.966832991259949e-12,7.213265721936168e-14,1.640951700705565e-12,1.8273665410382788e-15,1.205493074951527e-12,1.2726283788767268e-16,5.119365442923562e-16,7.756802482584812e-20,2.6224453395934188e-20,1.706306254222276e-13,9.60185073199439e-13,1.6326624832209624e-15,0.0,0.0,0.0,0.0,0.0,0.0,0.0,0.0,0.0,0.0,0.0,0.0,0.0,0.0,0.0,0.0,0.0,0.0,0.0,6.382701465997116e-30,2.0248592900542473e-30,5.671296924255449e-17,5.477697708083519e-17,0.0
2.259183673469388,2336.906261236133,0.6912067499057525,0.0122887576555089,1.3136822988753404e-05,2.873887711132839e-06,0.0010913297990393235,0.3629556650999981,3.475867008547721e-09,2.375566424243999e-09,5.241415209933414e-13,6.320997215339939e-13,1.1726709874011092e-11,7.814759822733424e-13,4.3161683408949037e-10,1.3104056077432006e-09,0.4857709052500531,0.044654762176574256,6.949945903275401e-07,8.534962117031651e-08,3.722185309789714e-12,6.445638141893208e-14,2.113844983742855e-12,1.4888948739929036e-15,1.6955777927522623e-12,1.6563309981374516e-16,9.9912551479611e-16,1.3999455547826213e-19,6.609744199203911e-20,1.5591261042376306e-13,1.2678643442451206e-12,1.7528176637707082e-15,0.0,0.0,0.0,0.0,0.0,0.0,0.0,0.0,0.0,0.0,0.0,0.0,0.0,0.0,0.0,0.0,0.0,0.0,0.0,1.6914437997993641e-29,7.510829422499602e-30,6.879242384613232e-17,9.121780491684572e-17,0.0
2.3244897959183675,2262.898641276617,0.7263543810040289,0.008634997175830932,5.10446486024104e-06,1.0143859932940283e-06,0.0006248471604930298,0.34405071391141595,1.2317965486371188e-09,1.1030435912192276e-09,2.2109219243908483e-13,3.348278601080436e-13,9.044366638435145e-12,5.66493082939733e-13,5.132225404262371e-10,2.2951299479924737e-09,0.49475283202768416,0.042764212746242654,5.590935073646742e-07,9.040597225746493e-08,3.42453956794993e-12,5.626521447075992e-14,2.7352464973409577e-12,1.1566448168223607e-15,2.3760862758786925e-12,2.1246543431258748e-16,1.984190276893943e-15,2.5438845166687853e-19,1.7210850935557588e-19,1.3867307203041644e-13,1.6770386322021217e-12,1.852212237489527e-15,0.0,0.0,0.0,0.0,0.0,0.0,0.0,0.0,0.0,0.0,0.0,0.0,0.0,0.0,0.0,0.0,0.0,0.0,0.0,4.5781539106482004e-29,2.92047969090349e-29,8.266709152001442e-17,1.541828283389413e-16,0.0
2.389795918367347,2187.967181487603,0.7603590298452332,0.005871717278580945,1.8529972115986408e-06,3.351218786893134e-07,0.00034366244801318965,0.3253288643874082,4.0741648206871e-10,4.870557576483213e-10,8.588347458029079e-14,1.6585072336632385e-13,6.699746243725304e-12,3.9243751519184354e-13,6.054421321150118e-10,4.108340926471811e-09,0.5032663255886086,0.04113108953097572,4.392691952342736e-07,9.537485672795163e-08,3.0920557161891835e-12,4.8023528620567165e-14,3.5610508871869163e-12,8.576332066956071e-16,3.3243253162736658e-12,2.6920617236875163e-16,4.022030680235691e-15,4.669296739211561e-19,4.648472938267327e-19,1.2016370466664076e-13,2.2259139560120073e-12,1.9293601940767016e-15,0.0,0.0,0.0,0.0,0.0,0.0,0.0,0.0,0.0,0.0,0.0,0.0,0.0,0.0,0.0,0.0,0.0,0.0,0.0,1.2719470536373717e-28,1.1973073165859933e-28,9.859835728769514e-17,2.6522311445023606e-16,0.0
2.4551020408163264,2112.7307476376227,0.7932658205201106,0.0038647124762962943,6.280737111691198e-07,1.0351495348051662e-07,0.00018150227295586592,0.30686378732177677,1.2566352045432324e-10,2.0441501634133636e-10,3.073737677606795e-14,7.687915935883362e-14,4.771601103299961e-12,2.6006873161006747e-13,7.096096183564711e-10,7.530462567680924e-09,0.5113516723348546,0.03972438219888712,3.371980252007353e-07,1.0028555773159239e-07,2.74259843058277e-12,4.012053240548532e-14,4.670992962186343e-12,6.079329752470531e-16,4.652559970341814e-12,3.37664013503191e-16,8.343147227235158e-15,8.681777117166523e-19,1.3065231223099703e-18,1.0155746956353274e-13,2.9691387397266843e-12,1.9841758393071697e-15,0.0,0.0,0.0,0.0,0.0,0.0,0.0,0.0,0.0,0.0,0.0,0.0,0.0,0.0,0.0,0.0,0.0,0.0,0.0,3.6428716277779435e-28,5.199589797168041e-28,1.1692945164513597e-16,4.65320261440148e-16,0.0
2.520408163265306,2037.770913148051,0.82514034004736,0.002463275306270301,1.9876207251786145e-07,2.987873120668953e-08,9.204348672607638e-05,0.2887058927526092,3.613358905879858e-11,8.152990143460358e-11,1.0146484309932988e-14,3.339034834436123e-14,3.2713630497587715e-12,1.6508016567197835e-13,8.274188629959755e-10,1.4156205793859116e-08,0.5190461138291194,0.038515589760609634,2.5302401533254464e-07,1.0517260215732874e-07,2.3920624331478013e-12,3.2842936537563524e-14,6.179802854935312e-12,4.127223605943925e-16,6.525563168284152e-12,4.201399206435058e-16,1.7749709177775802e-14,1.6392740569389525e-18,3.831523755354446e-18,8.381814143815997e-14,3.985634871639548e-12,2.0176742018070527e-15,0.0,0.0,0.0,0.0,0.0,0.0,0.0,0.0,0.0,0.0,0.0,0.0,0.0,0.0,0.0,0.0,0.0,0.0,0.0,1.0794533232903455e-27,2.4010497191006277e-27,1.381051589944062e-16,8.341496034999772e-16,0.0
2.585714285714286,1963.5866969864996,0.8560555307870403,0.0015210460784382575,5.8726262002753813e-08,8.054686367652984e-09,4.48156122499294e-05,0.27088713604785325,9.682758392811828e-12,3.089519053816239e-11,3.092676492122329e-15,1.3604052101920852e-14,2.1615197703156557e-12,1.0048766396622475e-13,9.609920969876087e-10,2.7329723487664166e-08,0.526383387636555,0.03747921668571011,1.8567702056836336e-07,1.10072856588397e-07,2.05330612613898e-12,2.6368719688494453e-14,8.254425039349771e-12,2.6882998606070994e-16,9.1880117287169e-12,5.19586084471278e-16,3.8805986387752055e-14,3.150394819658623e-18,1.175173367867071e-17,6.763207448141001e-14,5.390708060980693e-12,2.031580251427936e-15,0.0,0.0,0.0,0.0,0.0,0.0,0.0,0.0,0.0,0.0,0.0,0.0,0.0,0.0,0.0,0.0,0.0,0.0,0.0,3.3203813108847005e-27,1.1830006174700519e-26,1.6269525964566062e-16,1.5303251123198187e-15,0.0
2.6510204081632653,1890.5689414725416,0.8860822836426411,0.0009101171284920152,1.6191968752138294e-08,2.0259705351056605e-09,2.094259204021024e-05,0.25342556731116644,2.4160733533951957e-12,1.1116313584325489e-11,8.709044733783181e-16,5.20312747569692e-15,1.3776350133182122e-12,5.871117918559141e-14,1.1129655789147852e-09,5.4261276781738473e-08,0.5333935164223212,0.03659301622630095,1.332882537202085e-07,1.1502356265654224e-07,1.7357693403159633e-12,2.077831634093781e-14,1.1141026792836557e-11,1.6824303809676982e-16,1.3008042957044957e-11,6.39810754416045e-16,8.736383382932672e-14,6.175948431837311e-18,3.778921545478167e-17,5.340284326904393e-14,7.355116057166173e-12,2.027963559233947e-15,0.0,0.0,0.0,0.0,0.0,0.0,0.0,0.0,0.0,0.0,0.0,0.0,0.0,0.0,0.0,0.0,0.0,0.0,0.0,1.0636931258579913e-26,6.240879052105034e-26,1.914255630385368e-16,2.877781652787925e-15,0.0
2.716326530612245,1818.995962273812,0.9152840436643014,0.0005275975483303862,4.160756869064568e-09,4.745989343439299e-10,9.384685212746196e-06,0.23632937653431893,5.604028133781618e-13,3.792826756280255e-12,2.264975915333113e-16,1.86804378746224e-15,8.472912620701837e-13,3.2936143097549615e-14,1.2866082938150356e-09,1.1096921965849623e-07,0.5401029321954367,0.03583789289766057,9.359570408968361e-08,1.2006141668841227e-07,1.4456387060659918e-12,1.6075660630057934e-14,1.520800282013332e-11,1.0125824769107987e-16,1.854783831994957e-11,7.857582810483795e-16,2.0298484477218246e-13,1.2378210008524476e-17,1.2775847055392993e-16,4.129028921696808e-14,1.0135623515685739e-11,2.008971270280581e-15,0.0,0.0,0.0,0.0,0.0,0.0,0.0,0.0,0.0,0.0,0.0,0.0,0.0,0.0,0.0,0.0,0.0,0.0,0.0,3.5613229963863066e-26,3.539457229732628e-25,2.252216145869486e-16,5.5566665610145795e-15,0.0
2.7816326530612248,1749.044986923132,0.9437146749727,0.0002961270640287552,9.941116408094592e-10,1.0324756758985998e-10,4.026687632684891e-06,0.2196002624710072,1.2048808528984328e-13,1.224536525878975e-12,5.4318547249305813e-17,6.289313591286381e-16,5.0280416864237e-13,1.7735955363942422e-14,1.485992127669598e-09,2.3421159129836265e-07,0.5465349140681992,0.03519748187247334,6.426790471767229e-08,1.2522250335469148e-07,1.186330575741554e-12,1.2211639874366693e-14,2.1015535831865763e-11,5.862558204889392e-17,2.668033693697231e-11,9.639091197508046e-16,4.880072237008079e-13,2.5427729576298373e-17,4.556615034235106e-16,3.1269987757836165e-14,1.412487002222858e-11,1.9766761967001052e-15,0.0,0.0,0.0,0.0,0.0,0.0,0.0,0.0,0.0,0.0,0.0,0.0,0.0,0.0,0.0,0.0,0.0,0.0,0.0,1.251102918315651e-25,2.1685738019945477e-24,2.6527154345071676e-16,1.1038657589406218e-14,0.0
2.8469387755102042,1680.8116431503706,0.9714183526731432,0.0001607392514284199,2.200775205218336e-10,2.0774455838370404e-11,1.6506902163063826e-06,0.20323611700092656,2.39157293330889e-14,3.729594649738306e-13,1.197893858525617e-17,1.9817387418028166e-16,2.8769643781926136e-13,9.15956663731542e-15,1.7162363362816479e-09,5.113556644905313e-07,0.5527102521628529,0.03465748205125661,4.312141815453872e-08,1.3054277242032668e-07,9.590827706900311e-13,9.105043264579389e-15,2.943006063028074e-11,3.264158502599593e-17,3.878648738340242e-11,1.1828672340218412e-15,1.2177400437954893e-12,5.368648667729274e-17,1.7215343718350169e-15,2.3194212741246724e-14,1.993439928737807e-11,1.93301898495342e-15,0.0,0.0,0.0,0.0,0.0,0.0,0.0,0.0,0.0,0.0,0.0,0.0,0.0,0.0,0.0,0.0,0.0,0.0,0.0,4.632862389354368e-25,1.4438667435626367e-23,3.1311689328854996e-16,2.261404847526101e-14,0.0
2.9122448979591837,1614.331159440189,0.9984302682062298,8.423885137374833e-05,4.4933603341002286e-11,3.845726808813662e-12,6.446326652394949e-07,0.18723317112311497,4.3592159494571964e-15,1.0673098412159305e-13,2.419544569299262e-18,5.826723598644437e-17,1.585295746740808e-13,4.529763197739432e-15,1.983857928526356e-09,1.1581466111427854e-06,0.5586480322312016,0.03420481849013302,2.8241211205339486e-08,1.36058765399903e-07,7.635212113176375e-13,6.6589107096365984e-15,4.181615868533973e-11,1.746234457498928e-17,5.709667105683684e-11,1.454240175399758e-15,3.165330566804132e-12,1.168712613044415e-16,6.923928651279917e-15,1.6843988530365644e-14,2.853594996434586e-11,1.8798106860524323e-15,0.0,0.0,0.0,0.0,0.0,0.0,0.0,0.0,0.0,0.0,0.0,0.0,0.0,0.0,0.0,0.0,0.0,0.0,0.0,1.817979058698439e-24,1.0521395043697034e-22,3.7078454491907476e-16,4.790612787523826e-14,0.0
2.977551020408163,1549.5976927574586,1.0247770913113177,4.253191261187125e-05,8.411857022636414e-12,6.507065238871706e-13,2.389542115867126e-07,0.1715878727045472,7.248511598418332e-16,2.855555334795682e-14,4.452934375097762e-19,1.5923747311443445e-17,8.398201876171897e-14,2.1406840472869917e-15,2.2972744253365724e-09,2.729991064844848e-06,0.5643664145940154,0.033826674956149785,1.8027948988105736e-08,1.418083523617094e-07,5.981407045443403e-13,4.772125484289659e-15,6.036468234822784e-11,8.963788192127979e-18,8.52972919828249e-11,1.7939818413152477e-15,8.606979046497893e-12,2.632736014140206e-16,2.9817661181836305e-14,1.196878960436927e-14,4.150763565191819e-11,1.818765835221963e-15,0.0,0.0,0.0,0.0,0.0,0.0,0.0,0.0,0.0,0.0,0.0,0.0,0.0,0.0,0.0,0.0,0.0,0.0,0.0,7.606454809053744e-24,8.4613333364506235e-22,4.409799510446029e-16,1.0527795724053905e-13,0.0
3.0428571428571427,1486.5811008808716,1.0504759565016148,2.063462166579657e-05,1.4338997708961535e-12,9.985545514921763e-14,8.371275293514738e-08,0.15629894731031252,1.090897248439393e-16,7.1001540787347035e-15,7.420776099592408e-20,4.025854731893149e-18,4.2681583050987034e-14,9.642458008563418e-16,2.667525115974022e-09,6.72303818007259e-06,0.5698831534773569,0.03350939474807807,1.119758838179169e-08,1.4783119640057235e-07,4.606880296373538e-13,3.347016852540348e-15,8.86651830501022e-11,4.4074223861834374e-18,1.296390101749204e-10,2.2244754883913e-15,2.4601281123408175e-11,6.162403135092423e-16,1.3841627230256799e-13,8.3144322910154e-15,6.14736632216699e-11,1.7515460088938722e-15,0.0,0.0,0.0,0.0,0.0,0.0,0.0,0.0,0.0,0.0,0.0,0.0,0.0,0.0,0.0,0.0,0.0,0.0,0.0,3.4173690018875396e-23,7.582556053880258e-21,5.273725333043361e-16,2.408797633077967e-13,0.0
3.1081632653061226,1425.2439013923251,1.0755293465035283,9.591012308233685e-06,2.2081059840168338e-13,1.3774874525265396e-14,2.757987695978376e-08,0.14137061242560814,1.47267349287141e-17,1.6294540063029637e-15,1.11195288654468e-20,9.365731763173701e-19,2.0759706011119692e-14,4.127684348468203e-16,3.109285591637123e-09,1.737065043599153e-05,0.5752150748949812,0.03323722580268547,6.7537799367591105e-09,1.5416825777152413e-07,3.484600381516235e-13,2.2939692900329675e-15,1.327225568690411e-10,2.071743496670426e-18,2.0101902730934255e-10,2.777792426278893e-15,7.432024014155029e-11,1.5056707676614024e-15,6.978265646704346e-13,5.641277774083164e-15,9.290879737533105e-11,1.6798027952735206e-15,0.0,0.0,0.0,0.0,0.0,0.0,0.0,0.0,0.0,0.0,0.0,0.0,0.0,0.0,0.0,0.0,0.0,0.0,0.0,1.661690603068148e-22,7.654307651701671e-20,6.350156209774025e-16,5.761564944468213e-13,0.0
3.173469387755102,1365.5686562170847,1.0999079045430833,4.257957061268278e-06,3.046941519380857e-14,1.692488115148463e-15,8.501095751925977e-09,0.12681966612914664,1.766622614275276e-18,3.426675039737696e-16,1.4876661737113686e-21,1.9942509024475659e-19,9.640300073798094e-15,1.674342098980231e-16,3.6421586280280825e-09,4.7292042968069926e-05,0.5803738308094256,0.0329909359275322,3.947456780388565e-09,1.6085798540503143e-07,2.585397582518408e-13,1.5339414761016708e-15,2.0277656818354976e-10,9.293408461387686e-19,3.189796728597489e-10,3.500673251901161e-15,2.3864956423802497e-10,3.858527127861073e-15,3.850334347606528e-12,3.735113908551148e-15,1.4363393991368903e-10,1.6052145050526226e-15,0.0,0.0,0.0,0.0,0.0,0.0,0.0,0.0,0.0,0.0,0.0,0.0,0.0,0.0,0.0,0.0,0.0,0.0,0.0,8.817158297548021e-22,8.801574778455135e-19,7.709327224990403e-16,1.4466283514712469e-12,0.0
3.2387755102040816,1307.6298643225373,1.1234943857671105,1.8020986867665642e-06,3.746907697064607e-15,1.8400839866744536e-16,2.4425529023505194e-09,0.11269519932010734,1.8706246620700877e-19,6.567920543119396e-17,1.7699017086186408e-22,3.8748317917248884e-20,4.268911616950253e-15,6.425770540160603e-17,4.291587127185229e-09,0.0001360655665748575,0.5853484795444399,0.03274667548414218,2.2327980256952413e-09,1.6792054300808694e-07,1.8800071656080529e-13,9.996220692587558e-16,3.1645862670479054e-10,3.9767447378054077e-19,5.19333635256353e-10,4.46107688651835e-15,8.17959315420061e-10,1.0408293945514929e-14,2.3376537858505553e-11,2.412824881287718e-15,2.2755006670646103e-10,1.529508736817707e-15,0.0,0.0,0.0,0.0,0.0,0.0,0.0,0.0,0.0,0.0,0.0,0.0,0.0,0.0,0.0,0.0,0.0,0.0,0.0,5.13659588393441e-21,1.1620345842185628e-17,9.447376211806801e-16,3.8237586093173045e-12,0.0
3.3040816326530615,1251.8229024043592,1.1459000993389377,7.297759238508514e-07,4.1399907267966035e-16,1.7841326619754078e-17,6.570573201687413e-10,0.0991391829292249,1.7621396330041994e-20,1.153399581015403e-17,1.891172279907827e-23,6.923079630361686e-21,1.8099403945619746e-15,2.344099531306842e-17,5.085518897096908e-09,0.00041197703908306865,0.5900426127290439,0.03247711626433095,1.2249827679594982e-09,1.7529875139689045e-07,1.3412367672430546e-13,6.357982985640824e-16,5.032851601234029e-10,1.6316562186562858e-19,8.669642079839507e-10,5.750242032331439e-15,2.9802691610439115e-09,2.94611596098657e-14,1.55127569138574e-10,1.5246187610929543e-15,3.689158695971964e-10,1.454437217003105e-15,0.0,0.0,0.0,0.0,0.0,0.0,0.0,0.0,0.0,0.0,0.0,0.0,0.0,0.0,0.0,0.0,0.0,0.0,0.0,3.266724780784866e-20,1.7451870887220706e-16,1.1681824188514753e-15,1.0600169074662728e-11,0.0
3.369387755102041,1199.5357875692578,1.1659328908043012,2.89659566634502e-07,4.3584548168047485e-17,1.6410009176602052e-18,1.713064916566638e-10,0.08655618731289909,1.5717777138324975e-21,1.9421309871919505e-18,1.927648221650631e-24,1.191274035325837e-21,7.517446492043156e-16,8.350034337981413e-18,6.030600671296482e-09,0.0012733318309267518,0.5940814869375519,0.0321630164432815,6.621339393713264e-10,1.8266558916668533e-07,9.465869759095123e-14,3.9918935041474313e-16,8.047203714148083e-10,6.575872490544934e-20,1.4636704771325323e-09,7.444950259621884e-15,1.1144988047467871e-08,8.504904167307602e-14,1.0686308570502429e-09,9.538115196069072e-16,6.039120313371445e-10,1.3815649990231145e-15,0.0,0.0,0.0,0.0,0.0,0.0,0.0,0.0,0.0,0.0,0.0,0.0,0.0,0.0,0.0,0.0,0.0,0.0,0.0,2.1567812994688104e-19,2.769983886049863e-15,1.4483743132268952e-15,2.996251515295496e-11,0.0
3.4346938775510205,1154.1669711778486,1.180821286513543,1.2121634325775773e-07,5.235738879293982e-18,1.735430803078742e-19,4.8216279834498815e-11,0.07584778823352406,1.612667854215391e-22,3.619952397970381e-19,2.243779229295243e-25,2.2662342468142936e-22,3.272275544937777e-16,3.1455400531920023e-18,7.039162126933344e-09,0.003659273081618605,0.5965048124088016,0.03182961206492041,3.6988056695986503e-10,1.890711602716459e-07,6.783115431524523e-14,2.562946505920421e-16,1.2435070989490663e-09,2.7865786471050717e-20,2.385581965793423e-09,9.43854684599562e-15,3.830441244579228e-08,2.288524761786509e-13,6.51379211576173e-09,6.113622360996758e-16,9.563352241107736e-10,1.3116080598406915e-15,0.0,0.0,0.0,0.0,0.0,0.0,0.0,0.0,0.0,0.0,0.0,0.0,0.0,0.0,0.0,0.0,0.0,0.0,0.0,1.2616824042435999e-18,3.696426199183808e-14,1.763444928747088e-15,7.916416244006137e-11,0.0
3.5,1119.4567135292484,1.187614839358052,5.919075189475525e-08,9.230995359425568e-19,2.764493824051154e-20,1.7051529701412475e-11,0.06793471159427932,2.502150206951869e-23,9.15114479001668e-20,3.8225845376978355e-26,5.765751029559809e-23,1.6383365323517005e-16,1.3988797392732822e-18,7.901682398176082e-09,0.008588593306937536,0.59621131376812,0.031563252554975794,2.2832021197684728e-10,1.932591754388367e-07,5.122384303775279e-14,1.7689943685070415e-16,1.7605936324776095e-09,1.3608787282556244e-20,3.5107173075470818e-09,1.1286837238734082e-14,1.0362331092279883e-07,5.058669654090568e-13,2.8114744068444526e-08,4.205295441075701e-16,1.3791973434081513e-09,1.2440113494800074e-15,0.0,0.0,0.0,0.0,0.0,0.0,0.0,0.0,0.0,0.0,0.0,0.0,0.0,0.0,0.0,0.0,0.0,0.0,0.0,5.23467650118251e-18,3.0119021935915695e-13,2.0470971108772183e-15,1.7323623527170437e-10,0.0
