x,pressure,T,CH4,H,O,O2,OH,H2O,HO2,H2O2,C,CH,CH2,CH2(S),CH3,H2,CO,CO2,HCO,CH2O,CH2OH,CH3O,CH3OH,C2H,C2H2,C2H3,C2H4,C2H5,C2H6,HCCO,CH2CO,HCCOH,N,NH,NH2,NH3,NNH,NO,NO2,N2O,HNO,CN,HCN,H2CN,HCNN,HCNO,HOCN,HNCO,NCO,C3H7,C3H8,CH2CHO,CH3CHO,N2,AR
0,101325,298.1499999,0,0,0,1,0,0,0,0,0,0,0,0,0,0,0,0,0,0,0,0,0,0,0,0,0,0,0,0,0,0,0,0,0,0,0,0,0,0,0,0,0,0,0,0,0,0,0,0,0,0,0,0,0
4.09E-05,101325,975.6358594,8.12E-11,7.16E-06,9.92E-04,0.929408107,0.001509155,0.019823915,1.99E-05,7.97E-06,1.73E-13,1.59E-13,1.32E-12,1.12E-13,2.35E-11,1.83E-05,0.002022776,0.046190221,9.46E-10,9.59E-12,3.53E-14,5.93E-15,7.03E-13,1.37E-12,1.04E-09,1.90E-13,3.05E-11,1.22E-13,1.36E-13,3.90E-13,5.85E-12,1.02E-12,2.42E-13,2.81E-14,1.43E-13,7.07E-14,1.03E-17,6.25E-08,3.29E-09,1.82E-13,5.76E-13,2.40E-17,1.83E-11,2.76E-17,1.54E-24,4.64E-16,6.51E-13,2.97E-10,1.59E-11,4.82E-17,4.71E-14,4.35E-14,1.42E-14,2.92E-09,0
1.23E-04,101325,1426.82089,1.68E-10,1.73E-05,0.002374434,0.871503725,0.003620169,0.035320797,2.35E-05,4.52E-06,4.18E-13,3.85E-13,3.19E-12,2.72E-13,5.64E-11,3.44E-05,0.003749337,0.083351656,2.29E-09,1.58E-11,8.56E-14,6.64E-15,4.43E-13,3.32E-12,2.44E-09,4.61E-13,7.10E-11,2.94E-13,3.22E-13,9.10E-13,7.52E-12,1.50E-12,5.87E-13,4.40E-14,2.56E-13,1.35E-13,2.51E-17,1.11E-07,2.26E-09,1.71E-13,8.62E-13,5.81E-17,2.73E-11,3.06E-17,3.74E-24,6.90E-16,1.35E-12,3.49E-10,1.23E-11,9.35E-17,1.12E-13,8.75E-14,7.85E-15,5.29E-09,0
2.05E-04,101325,1754.254132,2.99E-10,3.13E-05,0.004067187,0.822308331,0.006318974,0.047705098,2.58E-05,2.91E-06,7.71E-13,7.10E-13,5.89E-12,5.00E-13,1.03E-10,5.84E-05,0.005697759,0.113784119,4.22E-09,2.29E-11,1.58E-13,6.99E-15,3.03E-13,6.12E-12,4.47E-09,8.37E-13,1.22E-10,2.62E-13,5.91E-13,1.66E-12,9.86E-12,2.27E-12,1.08E-12,7.29E-14,1.61E-13,8.35E-14,4.62E-17,1.41E-07,1.56E-09,1.24E-13,1.40E-12,1.07E-16,1.61E-11,1.87E-17,6.89E-24,7.77E-16,8.69E-13,2.07E-10,7.25E-12,1.64E-16,2.04E-13,5.20E-14,5.25E-15,7.13E-09,1.11E-16
2.86E-04,101325,2010.723708,4.95E-10,5.04E-05,0.006073992,0.777530502,0.009545617,0.05836651,3.07E-05,2.12E-06,1.29E-12,1.19E-12,9.85E-12,8.37E-13,1.71E-10,9.17E-05,0.008430221,0.139878021,7.06E-09,3.53E-11,2.64E-13,9.10E-15,2.55E-13,1.02E-11,7.47E-09,1.39E-12,2.00E-10,3.00E-13,9.88E-13,2.77E-12,1.45E-11,3.55E-12,1.81E-12,1.17E-13,1.17E-13,5.81E-14,7.65E-17,1.70E-07,1.17E-09,9.57E-14,1.99E-12,1.78E-16,1.01E-11,1.26E-17,1.15E-23,7.17E-16,6.56E-13,1.31E-10,4.55E-12,2.71E-16,3.41E-13,3.31E-14,4.23E-15,8.76E-09,0
3.68E-04,101325,2215.426108,7.83E-10,7.63E-05,0.008445742,0.735627471,0.013227577,0.067816808,3.87E-05,1.76E-06,2.05E-12,1.88E-12,1.56E-11,1.33E-12,2.70E-10,1.36E-04,0.012203748,0.162425365,1.12E-08,5.43E-11,4.19E-13,1.30E-14,2.63E-13,1.62E-11,1.18E-08,2.21E-12,3.15E-10,3.98E-13,1.57E-12,4.38E-12,2.19E-11,5.49E-12,2.85E-12,1.82E-13,9.94E-14,4.64E-14,1.19E-16,1.97E-07,9.42E-10,8.14E-14,2.74E-12,2.83E-16,6.64E-12,9.61E-18,1.83E-23,5.81E-16,5.93E-13,8.73E-11,2.96E-12,4.27E-16,5.39E-13,2.23E-14,4.16E-15,1.02E-08,2.22E-16
4.50E-04,101325,2378.556087,1.20E-09,1.11E-04,0.011216229,0.695839799,0.017281694,0.076328815,4.83E-05,1.65E-06,3.14E-12,2.88E-12,2.39E-11,2.03E-12,4.14E-10,1.94E-04,0.01717733,0.181800664,1.71E-08,8.22E-11,6.42E-13,1.90E-14,3.18E-13,2.49E-11,1.81E-08,3.38E-12,4.81E-10,5.64E-13,2.40E-12,6.72E-12,3.30E-11,8.33E-12,4.29E-12,2.74E-13,1.01E-13,4.35E-14,1.77E-16,2.24E-07,7.99E-10,7.55E-14,3.66E-12,4.33E-16,4.50E-12,8.46E-18,2.80E-23,4.51E-16,6.40E-13,6.13E-11,1.99E-12,6.54E-16,8.26E-13,1.60E-14,4.85E-15,1.15E-08,1.11E-16
5.32E-04,101325,2508.301844,1.79E-09,1.55E-04,0.014317743,0.657823939,0.021566722,0.084114026,5.82E-05,1.67E-06,4.69E-12,4.32E-12,3.58E-11,3.04E-12,6.19E-10,2.67E-04,0.023420478,0.198274431,2.53E-08,1.22E-10,9.60E-13,2.79E-14,4.22E-13,3.72E-11,2.71E-08,5.05E-12,7.19E-10,8.14E-13,3.59E-12,1.00E-11,4.89E-11,1.24E-11,6.21E-12,4.00E-13,1.17E-13,4.74E-14,2.52E-16,2.51E-07,7.08E-10,7.39E-14,4.70E-12,6.47E-16,3.15E-12,8.70E-18,4.19E-23,3.83E-16,7.87E-13,4.60E-11,1.36E-12,9.77E-16,1.24E-12,1.25E-14,6.29E-15,1.25E-08,2.22E-16
6.14E-04,101325,2612.221432,2.63E-09,2.10E-04,0.017610699,0.621424874,0.025929621,0.091348809,6.72E-05,1.75E-06,6.89E-12,6.34E-12,5.26E-11,4.47E-12,9.10E-10,3.55E-04,0.030888669,0.212162428,3.64E-08,1.76E-10,1.41E-12,4.06E-14,5.85E-13,5.47E-11,3.99E-08,7.42E-12,1.06E-09,1.18E-12,5.27E-12,1.48E-11,7.16E-11,1.82E-11,8.66E-12,5.66E-13,1.50E-13,5.79E-14,3.47E-16,2.77E-07,6.50E-10,7.45E-14,5.80E-12,9.51E-16,2.29E-12,1.02E-17,6.16E-23,3.73E-16,1.05E-12,3.78E-11,9.44E-13,1.44E-15,1.82E-12,1.10E-14,8.61E-15,1.33E-08,2.22E-16
6.95E-04,101325,2696.50329,3.81E-09,2.76E-04,0.020956226,0.586544244,0.030253974,0.098163384,7.52E-05,1.86E-06,9.99E-12,9.19E-12,7.63E-11,6.48E-12,1.32E-09,4.59E-04,0.039477106,0.223793145,5.10E-08,2.48E-10,2.04E-12,5.86E-14,8.24E-13,7.93E-11,5.78E-08,1.08E-11,1.53E-09,1.69E-12,7.64E-12,2.14E-11,1.04E-10,2.64E-11,1.13E-11,6.42E-13,1.27E-13,5.52E-14,4.61E-16,3.05E-07,6.13E-10,7.61E-14,6.65E-12,1.38E-15,1.77E-12,1.31E-17,8.93E-23,3.74E-16,7.33E-13,2.65E-11,6.66E-13,2.08E-15,2.63E-12,1.09E-14,1.21E-14,1.41E-08,2.22E-16
7.77E-04,101325,2765.812543,5.46E-09,3.51E-04,0.02424466,0.553100464,0.034462253,0.104647683,8.19E-05,1.99E-06,1.43E-11,1.32E-11,1.09E-10,9.28E-12,1.89E-09,5.78E-04,0.049069043,0.23346242,6.98E-08,3.43E-10,2.93E-12,8.39E-14,1.17E-12,1.14E-10,8.29E-08,1.54E-11,2.19E-09,2.42E-12,1.10E-11,3.07E-11,1.48E-10,3.78E-11,1.45E-11,7.53E-13,1.18E-13,5.88E-14,5.96E-16,3.34E-07,5.94E-10,7.82E-14,7.37E-12,1.97E-15,1.47E-12,1.76E-17,1.28E-22,4.24E-16,5.19E-13,1.87E-11,4.77E-13,2.98E-15,3.77E-12,1.23E-14,1.70E-14,1.48E-08,1.11E-16
8.59E-04,101325,2823.580072,7.76E-09,4.37E-04,0.027396364,0.521020041,0.038504598,0.110862733,8.76E-05,2.11E-06,2.03E-11,1.87E-11,1.55E-10,1.32E-11,2.69E-09,7.12E-04,0.05955497,0.241421848,9.31E-08,4.65E-10,4.16E-12,1.19E-13,1.64E-12,1.62E-10,1.18E-07,2.19E-11,3.12E-09,3.43E-12,1.56E-11,4.36E-11,2.11E-10,5.37E-11,1.74E-11,9.55E-13,1.24E-13,6.94E-14,7.52E-16,3.45E-07,5.55E-10,8.04E-14,8.98E-12,2.79E-15,1.37E-12,2.42E-17,1.82E-22,5.24E-16,3.70E-13,1.34E-11,3.47E-13,4.24E-15,5.36E-12,1.51E-14,2.40E-14,1.54E-08,1.11E-16
9.41E-04,101325,2872.327206,1.09E-08,5.32E-04,0.030355673,0.490235962,0.042349024,0.116849815,9.21E-05,2.23E-06,2.87E-11,2.64E-11,2.19E-10,1.86E-11,3.79E-09,8.63E-04,0.070837969,0.247881639,1.21E-07,6.18E-10,5.87E-12,1.68E-13,2.31E-12,2.28E-10,1.66E-07,3.09E-11,4.39E-09,4.83E-12,2.19E-11,6.14E-11,2.97E-10,7.56E-11,2.19E-11,1.26E-12,1.44E-13,8.81E-14,9.26E-16,3.55E-07,5.24E-10,8.24E-14,1.03E-11,3.93E-15,1.42E-12,3.35E-17,2.56E-22,6.83E-16,2.66E-13,9.63E-12,2.59E-13,5.97E-15,7.55E-12,1.97E-14,3.36E-14,1.60E-08,1.11E-16
0.001022727,101325,2913.925052,1.53E-08,6.36E-04,0.033084562,0.460687534,0.045974757,0.122636782,9.56E-05,2.33E-06,4.01E-11,3.69E-11,3.06E-10,2.60E-11,5.30E-09,0.001030867,0.082833872,0.253017371,1.55E-07,8.07E-10,8.22E-12,2.35E-13,3.23E-12,3.19E-10,2.32E-07,4.32E-11,6.15E-09,6.76E-12,3.07E-11,8.60E-11,4.15E-10,1.06E-10,2.66E-11,1.58E-12,1.69E-13,1.14E-13,1.12E-15,3.67E-07,5.00E-10,8.41E-14,1.12E-11,5.47E-15,1.63E-12,4.65E-17,3.59E-22,9.18E-16,1.93E-13,6.99E-12,1.98E-13,8.36E-15,1.06E-11,2.64E-14,4.70E-14,1.66E-08,0
0.001104545,101325,2949.775522,2.13E-08,7.48E-04,0.035557763,0.432320398,0.049368029,0.128242165,9.82E-05,2.43E-06,5.59E-11,5.14E-11,4.26E-10,3.62E-11,7.38E-09,0.001215625,0.095470219,0.256975978,1.95E-07,1.04E-09,1.14E-11,3.27E-13,4.49E-12,4.44E-10,3.23E-07,6.02E-11,8.56E-09,9.41E-12,4.27E-11,1.20E-10,5.78E-10,1.47E-10,3.13E-11,1.90E-12,2.02E-13,1.52E-13,1.33E-15,3.80E-07,4.81E-10,8.55E-14,1.16E-11,7.58E-15,2.01E-12,6.44E-17,4.99E-22,1.25E-15,1.41E-13,5.12E-12,1.59E-13,1.16E-14,1.47E-11,3.59E-14,6.53E-14,1.71E-08,1.11E-16
0.001186364,101325,2980.940522,2.95E-08,8.69E-04,0.037759155,0.405086238,0.052519403,0.133677872,9.98E-05,2.52E-06,7.73E-11,7.11E-11,5.90E-10,5.01E-11,1.02E-08,0.001418426,0.108684776,0.259881141,2.42E-07,1.32E-09,1.58E-11,4.52E-13,6.21E-12,6.14E-10,4.47E-07,8.33E-11,1.18E-08,1.30E-11,5.91E-11,1.66E-10,8.00E-10,2.04E-10,3.94E-11,2.42E-12,2.56E-13,2.06E-13,1.56E-15,3.86E-07,4.57E-10,8.64E-14,1.33E-11,1.05E-14,2.60E-12,8.90E-17,6.91E-22,1.71E-15,1.04E-13,3.80E-12,1.37E-13,1.61E-14,2.04E-11,4.91E-14,9.03E-14,1.76E-08,2.22E-16
0.001268182,101325,3008.227916,4.06E-08,9.99E-04,0.039679287,0.378942613,0.055422072,0.138950916,1.01E-04,2.59E-06,1.06E-10,9.80E-11,8.13E-10,6.90E-11,1.41E-08,0.001640182,0.122424306,0.261837107,2.94E-07,1.65E-09,2.18E-11,6.23E-13,8.55E-12,8.46E-10,6.16E-07,1.15E-10,1.63E-08,1.79E-11,8.15E-11,2.28E-10,1.10E-09,2.81E-10,4.69E-11,3.18E-12,3.36E-13,2.81E-13,1.81E-15,3.86E-07,4.30E-10,8.69E-14,1.63E-11,1.44E-14,3.45E-12,1.22E-16,9.52E-22,2.34E-15,7.72E-14,2.86E-12,1.29E-13,2.22E-14,2.81E-11,6.72E-14,1.24E-13,1.80E-08,2.22E-16
0.00135,101325,3032.263255,5.57E-08,0.001136004,0.041313339,0.353852328,0.058070785,0.14406477,1.01E-04,2.64E-06,1.46E-10,1.34E-10,1.11E-09,9.47E-11,1.93E-08,0.001881934,0.136642768,0.262932907,3.54E-07,2.05E-09,2.99E-11,8.54E-13,1.17E-11,1.16E-09,8.45E-07,1.57E-10,2.24E-08,2.46E-11,1.12E-10,3.13E-10,1.51E-09,3.85E-10,5.46E-11,3.93E-12,4.22E-13,3.77E-13,2.07E-15,3.87E-07,4.05E-10,8.70E-14,1.88E-11,1.96E-14,4.63E-12,1.68E-16,1.31E-21,3.20E-15,5.84E-14,2.21E-12,1.27E-13,3.04E-14,3.85E-11,9.19E-14,1.71E-13,1.84E-08,1.11E-16
0.001431818,101325,3053.531092,7.61E-08,0.001280633,0.042659972,0.329783119,0.060461163,0.149020069,1.00E-04,2.68E-06,1.99E-10,1.84E-10,1.52E-09,1.29E-10,2.63E-08,0.002144861,0.151300448,0.263244679,4.22E-07,2.53E-09,4.08E-11,1.17E-12,1.60E-11,1.58E-09,1.15E-06,2.15E-10,3.06E-08,3.36E-11,1.53E-10,4.27E-10,2.06E-09,5.26E-10,6.22E-11,4.71E-12,5.17E-13,5.02E-13,2.34E-15,3.89E-07,3.83E-10,8.67E-14,2.09E-11,2.64E-14,6.25E-12,2.29E-16,1.78E-21,4.37E-15,4.52E-14,1.75E-12,1.28E-13,4.15E-14,5.25E-11,1.25E-13,2.33E-13,1.88E-08,2.22E-16
0.001513636,101325,3072.407729,1.04E-07,0.001432365,0.043720451,0.306707187,0.062589268,0.153815129,9.91E-05,2.71E-06,2.71E-10,2.46E-10,2.07E-09,1.76E-10,3.58E-08,0.002430289,0.166363023,0.262837848,4.96E-07,3.09E-09,5.55E-11,1.59E-12,2.18E-11,2.15E-09,1.57E-06,2.92E-10,4.16E-08,4.57E-11,2.08E-10,5.81E-10,2.81E-09,7.15E-10,7.00E-11,5.50E-12,6.22E-13,6.65E-13,2.63E-15,3.90E-07,3.63E-10,8.60E-14,2.26E-11,3.53E-14,8.45E-12,3.11E-16,2.43E-21,5.94E-15,3.60E-14,1.45E-12,1.32E-13,5.65E-14,7.15E-11,1.70E-13,3.17E-13,1.91E-08,1.11E-16
0.001595455,101325,3089.188278,1.40E-07,0.001590805,0.044497967,0.28460064,0.064451362,0.158446362,9.73E-05,2.73E-06,3.67E-10,3.30E-10,2.81E-09,2.38E-10,4.86E-08,0.002739698,0.18180055,0.261769199,5.79E-07,3.75E-09,7.52E-11,2.15E-12,2.95E-11,2.92E-09,2.13E-06,3.96E-10,5.63E-08,6.19E-11,2.81E-10,7.87E-10,3.80E-09,9.70E-10,7.76E-11,6.47E-12,7.83E-13,8.89E-13,2.92E-15,3.91E-07,3.43E-10,8.49E-14,2.41E-11,4.75E-14,1.14E-11,4.22E-16,3.29E-21,8.04E-15,3.02E-14,1.28E-12,1.48E-13,7.66E-14,9.69E-11,2.31E-13,4.29E-13,1.94E-08,0
0.001677273,101325,3104.103168,1.90E-07,0.001755516,0.044997269,0.263443073,0.066043766,0.162908458,9.51E-05,2.73E-06,4.95E-10,4.43E-10,3.79E-09,3.22E-10,6.56E-08,0.003074738,0.197586878,0.260088211,6.69E-07,4.52E-09,1.02E-10,2.90E-12,3.99E-11,3.94E-09,2.87E-06,5.35E-10,7.61E-08,8.36E-11,3.80E-10,1.06E-09,5.14E-09,1.31E-09,8.49E-11,7.46E-12,9.63E-13,1.18E-12,3.23E-15,3.92E-07,3.25E-10,8.35E-14,2.52E-11,6.34E-14,1.54E-11,5.70E-16,4.44E-21,1.09E-14,2.68E-14,1.20E-12,1.64E-13,1.03E-13,1.31E-10,3.11E-13,5.80E-13,1.97E-08,1.11E-16
0.001759091,101325,3117.331591,2.55E-07,0.001926007,0.045224412,0.243217124,0.067362798,0.167194508,9.24E-05,2.71E-06,6.66E-10,5.95E-10,5.11E-09,4.34E-10,8.83E-08,0.003437239,0.213699064,0.257838259,7.68E-07,5.44E-09,1.37E-10,3.91E-12,5.37E-11,5.31E-09,3.87E-06,7.21E-10,1.02E-07,1.13E-10,5.12E-10,1.43E-09,6.92E-09,1.76E-09,9.19E-11,8.48E-12,1.17E-12,1.56E-12,3.55E-15,3.94E-07,3.08E-10,8.17E-14,2.59E-11,8.47E-14,2.07E-11,7.68E-16,5.98E-21,1.46E-14,2.58E-14,1.23E-12,1.95E-13,1.39E-13,1.76E-10,4.19E-13,7.81E-13,2.00E-08,2.22E-16
0.001840909,101325,3129.009649,3.43E-07,0.002101724,0.045186649,0.223908133,0.068404762,0.171295995,8.92E-05,2.68E-06,8.93E-10,7.98E-10,6.86E-09,5.82E-10,1.19E-07,0.003829239,0.230117008,0.255057443,8.75E-07,6.52E-09,1.83E-10,5.25E-12,7.21E-11,7.13E-09,5.20E-06,9.67E-10,1.38E-07,1.51E-10,6.87E-10,1.92E-09,9.29E-09,2.37E-09,1.07E-10,1.02E-11,1.47E-12,2.07E-12,3.87E-15,3.91E-07,2.89E-10,7.99E-14,2.88E-11,1.13E-13,2.78E-11,1.03E-15,8.03E-21,1.96E-14,2.69E-14,1.36E-12,2.42E-13,1.87E-13,2.37E-10,5.63E-13,1.05E-12,2.03E-08,2.22E-16
0.001922727,101325,3139.241095,4.59E-07,0.002282034,0.044892288,0.205503657,0.069166026,0.175202892,8.58E-05,2.65E-06,1.19E-09,1.07E-09,9.18E-09,7.79E-10,1.59E-07,0.004252988,0.24682279,0.251779694,9.90E-07,7.79E-09,2.46E-10,7.03E-12,9.65E-11,9.55E-09,6.96E-06,1.29E-09,1.84E-07,2.02E-10,9.20E-10,2.57E-09,1.24E-08,3.17E-09,1.21E-10,1.20E-11,1.82E-12,2.74E-12,4.19E-15,3.89E-07,2.71E-10,7.77E-14,3.14E-11,1.50E-13,3.72E-11,1.38E-15,1.07E-20,2.63E-14,3.00E-14,1.58E-12,2.91E-13,2.50E-13,3.17E-10,7.54E-13,1.40E-12,2.05E-08,2.22E-16
0.002004545,101325,3148.101737,6.12E-07,0.002466208,0.04435071,0.187993152,0.0696431,0.178903575,8.20E-05,2.59E-06,1.59E-09,1.42E-09,1.23E-08,1.04E-09,2.12E-07,0.004710976,0.263800382,0.248035344,1.11E-06,9.31E-09,3.28E-10,9.38E-12,1.29E-10,1.27E-08,9.29E-06,1.73E-09,2.46E-07,2.70E-10,1.23E-09,3.44E-09,1.66E-08,4.23E-09,1.35E-10,1.39E-11,2.22E-12,3.62E-12,4.51E-15,3.86E-07,2.54E-10,7.52E-14,3.37E-11,1.99E-13,4.96E-11,1.84E-15,1.43E-20,3.51E-14,3.50E-14,1.90E-12,3.44E-13,3.34E-13,4.23E-10,1.01E-12,1.87E-12,2.07E-08,1.11E-16
0.002086364,101325,3155.643617,8.15E-07,0.002653412,0.043572413,0.171367523,0.06983276,0.182384716,7.80E-05,2.53E-06,2.12E-09,1.90E-09,1.63E-08,1.39E-09,2.82E-07,0.005205957,0.281035465,0.243851701,1.24E-06,1.11E-08,4.37E-10,1.25E-11,1.72E-10,1.70E-08,1.24E-05,2.30E-09,3.27E-07,3.60E-10,1.64E-09,4.58E-09,2.21E-08,5.64E-09,1.50E-10,1.60E-11,2.70E-12,4.75E-12,4.81E-15,3.83E-07,2.37E-10,7.22E-14,3.57E-11,2.62E-13,6.60E-11,2.45E-15,1.91E-20,4.67E-14,4.22E-14,2.33E-12,4.01E-13,4.45E-13,5.63E-10,1.34E-12,2.50E-12,2.07E-08,3.33E-16
0.002168182,101325,3161.899109,1.08E-06,0.002842687,0.042569057,0.155618826,0.069732223,0.185631223,7.38E-05,2.46E-06,2.82E-09,2.52E-09,2.17E-08,1.84E-09,3.75E-07,0.005740964,0.298514971,0.239253611,1.38E-06,1.33E-08,5.80E-10,1.66E-11,2.28E-10,2.25E-08,1.64E-05,3.06E-09,4.35E-07,4.78E-10,2.17E-09,6.08E-09,2.94E-08,7.49E-09,1.64E-10,1.82E-11,3.28E-12,6.24E-12,5.10E-15,3.80E-07,2.21E-10,6.89E-14,3.75E-11,3.44E-13,8.76E-11,3.26E-15,2.54E-20,6.20E-14,5.22E-14,2.90E-12,4.64E-13,5.91E-13,7.48E-10,1.78E-12,3.32E-12,2.08E-08,2.22E-16
0.00225,101325,3166.882101,1.44E-06,0.003032931,0.041353585,0.140739959,0.069339332,0.188626052,6.94E-05,2.37E-06,3.73E-09,3.34E-09,2.87E-08,2.44E-09,4.97E-07,0.006319335,0.31622691,0.234263801,1.53E-06,1.58E-08,7.69E-10,2.20E-11,3.02E-10,2.99E-08,2.18E-05,4.05E-09,5.76E-07,6.33E-10,2.88E-09,8.06E-09,3.89E-08,9.92E-09,1.79E-10,2.07E-11,3.98E-12,8.18E-12,5.38E-15,3.77E-07,2.06E-10,6.54E-14,3.93E-11,4.50E-13,1.16E-10,4.32E-15,3.36E-20,8.22E-14,6.56E-14,3.65E-12,5.37E-13,7.83E-13,9.91E-10,2.36E-12,4.39E-12,2.08E-08,1.11E-16
0.002331818,101325,3170.587298,1.90E-06,0.003222897,0.039940386,0.126724371,0.068652768,0.19134996,6.49E-05,2.28E-06,4.93E-09,4.41E-09,3.80E-08,3.22E-09,6.57E-07,0.006944746,0.334160275,0.228903091,1.68E-06,1.89E-08,1.02E-09,2.91E-11,3.99E-10,3.95E-08,2.88E-05,5.36E-09,7.62E-07,8.38E-10,3.81E-09,1.07E-08,5.15E-08,1.31E-08,1.94E-10,2.35E-11,4.84E-12,1.07E-11,5.66E-15,3.74E-07,1.91E-10,6.19E-14,4.09E-11,5.89E-13,1.53E-10,5.71E-15,4.45E-20,1.09E-13,8.33E-14,4.63E-12,6.20E-13,1.04E-12,1.31E-09,3.12E-12,5.81E-12,2.08E-08,3.33E-16
0.002413636,101325,3172.998869,2.50E-06,0.00341115,0.038345238,0.113565423,0.067672404,0.193781597,6.03E-05,2.18E-06,6.49E-09,5.82E-09,5.01E-08,4.26E-09,8.67E-07,0.007621207,0.352304418,0.223191275,1.84E-06,2.27E-08,1.34E-09,3.84E-11,5.27E-10,5.21E-08,3.80E-05,7.07E-09,1.01E-06,1.11E-09,5.02E-09,1.41E-08,6.79E-08,1.73E-08,2.10E-10,2.65E-11,5.88E-12,1.40E-11,5.93E-15,3.71E-07,1.77E-10,5.83E-14,4.25E-11,7.70E-13,2.02E-10,7.53E-15,5.87E-20,1.43E-13,1.06E-13,5.90E-12,7.16E-13,1.37E-12,1.73E-09,4.11E-12,7.67E-12,2.08E-08,2.22E-16
0.002495455,101325,3174.082388,3.30E-06,0.003596081,0.036585617,0.101256355,0.066399544,0.195896998,5.56E-05,2.07E-06,8.52E-09,7.67E-09,6.60E-08,5.60E-09,1.14E-06,0.008353104,0.370649209,0.217146872,2.01E-06,2.73E-08,1.77E-09,5.05E-11,6.94E-10,6.86E-08,5.00E-05,9.31E-09,1.32E-06,1.46E-09,6.61E-09,1.85E-08,8.94E-08,2.28E-08,2.27E-10,3.00E-11,7.18E-12,1.83E-11,6.20E-15,3.67E-07,1.64E-10,5.48E-14,4.40E-11,1.01E-12,2.66E-10,9.92E-15,7.73E-20,1.89E-13,1.36E-13,7.54E-12,8.30E-13,1.80E-12,2.28E-09,5.42E-12,1.01E-11,2.08E-08,1.11E-16
0.002577273,101325,3173.791978,4.34E-06,0.00377587,0.034680647,0.089789608,0.064837351,0.197669665,5.10E-05,1.95E-06,1.12E-08,1.01E-08,8.67E-08,7.37E-09,1.50E-06,0.009145188,0.389184497,0.210787875,2.18E-06,3.29E-08,2.32E-09,6.64E-11,9.12E-10,9.02E-08,6.57E-05,1.22E-08,1.74E-06,1.91E-09,8.69E-09,2.43E-08,1.18E-07,3.00E-08,2.44E-10,3.39E-11,8.77E-12,2.39E-11,6.45E-15,3.64E-07,1.51E-10,5.12E-14,4.54E-11,1.31E-12,3.50E-10,1.30E-14,1.02E-19,2.48E-13,1.75E-13,9.66E-12,9.65E-13,2.37E-12,2.99E-09,7.12E-12,1.33E-11,2.09E-08,1.11E-16
0.002659091,101325,3172.070302,5.69E-06,0.003948482,0.032651175,0.079156437,0.062991266,0.199070414,4.65E-05,1.83E-06,1.46E-08,1.32E-08,1.14E-07,9.66E-09,1.97E-06,0.010002581,0.40789977,0.204132073,2.36E-06,3.98E-08,3.05E-09,8.72E-11,1.20E-09,1.18E-07,8.63E-05,1.61E-08,2.28E-06,2.51E-09,1.14E-08,3.19E-08,1.54E-07,3.93E-08,2.62E-10,3.84E-11,1.08E-11,3.11E-11,6.69E-15,3.60E-07,1.39E-10,4.76E-14,4.69E-11,1.71E-12,4.59E-10,1.71E-14,1.33E-19,3.26E-13,2.25E-13,1.24E-11,1.13E-12,3.10E-12,3.93E-09,9.34E-12,1.74E-11,2.09E-08,1.11E-16
0.002740909,101325,3168.848088,7.45E-06,0.004111658,0.03051982,0.069346481,0.060869456,0.20006725,4.20E-05,1.71E-06,1.91E-08,1.73E-08,1.49E-07,1.27E-08,2.58E-06,0.010930754,0.426783851,0.197197363,2.54E-06,4.84E-08,3.99E-09,1.14E-10,1.57E-09,1.55E-07,1.13E-04,2.10E-08,2.99E-06,3.29E-09,1.49E-08,4.18E-08,2.02E-07,5.15E-08,2.82E-10,4.35E-11,1.32E-11,4.06E-11,6.91E-15,3.57E-07,1.27E-10,4.41E-14,4.83E-11,2.22E-12,6.02E-10,2.24E-14,1.75E-19,4.27E-13,2.90E-13,1.59E-11,1.32E-12,4.07E-12,5.14E-09,1.22E-11,2.28E-11,2.10E-08,3.33E-16
0.002822727,101325,3164.044947,9.74E-06,0.00426292,0.028310924,0.06034726,0.058483321,0.20062538,3.76E-05,1.58E-06,2.50E-08,2.27E-08,1.95E-07,1.66E-08,3.37E-06,0.011935495,0.445824432,0.190002174,2.72E-06,5.90E-08,5.22E-09,1.49E-10,2.05E-09,2.03E-07,1.48E-04,2.75E-08,3.91E-06,4.30E-09,1.95E-08,5.47E-08,2.64E-07,6.74E-08,3.02E-10,4.94E-11,1.63E-11,5.28E-11,7.11E-15,3.53E-07,1.16E-10,4.07E-14,4.97E-11,2.88E-12,7.87E-10,2.93E-14,2.28E-19,5.58E-13,3.74E-13,2.05E-11,1.55E-12,5.32E-12,6.73E-09,1.60E-11,2.98E-11,2.10E-08,2.22E-16
0.002904545,101325,3157.571731,1.27E-05,0.004399574,0.026050402,0.0521436,0.055848024,0.200707413,3.35E-05,1.45E-06,3.26E-08,2.96E-08,2.55E-07,2.16E-08,4.40E-06,0.013022836,0.465007502,0.182565966,2.90E-06,7.23E-08,6.81E-09,1.95E-10,2.68E-09,2.65E-07,1.93E-04,3.59E-08,5.11E-06,5.62E-09,2.55E-08,7.14E-08,3.45E-07,8.80E-08,3.24E-10,5.62E-11,2.01E-11,6.85E-11,7.28E-15,3.50E-07,1.05E-10,3.73E-14,5.10E-11,3.74E-12,1.03E-09,3.83E-14,2.98E-19,7.29E-13,4.83E-13,2.63E-11,1.84E-12,6.94E-12,8.79E-09,2.09E-11,3.90E-11,2.11E-08,0
0.002986364,101325,3149.334368,1.66E-05,0.004518721,0.023765452,0.044717012,0.052982998,0.200273801,2.95E-05,1.32E-06,4.25E-08,3.86E-08,3.32E-07,2.82E-08,5.74E-06,0.014198951,0.484316655,0.174909799,3.08E-06,8.89E-08,8.89E-09,2.54E-10,3.49E-09,3.45E-07,2.52E-04,4.69E-08,6.67E-06,7.32E-09,3.33E-08,9.31E-08,4.50E-07,1.15E-07,3.46E-10,6.40E-11,2.49E-11,8.90E-11,7.42E-15,3.46E-07,9.53E-11,3.40E-14,5.24E-11,4.86E-12,1.34E-09,4.99E-14,3.89E-19,9.50E-13,6.23E-13,3.39E-11,2.19E-12,9.06E-12,1.15E-08,2.73E-11,5.08E-11,2.12E-08,1.11E-16
0.003068182,101325,3139.22833,2.16E-05,0.00461733,0.02148435,0.038045408,0.049912413,0.199283081,2.58E-05,1.19E-06,5.53E-08,5.03E-08,4.33E-07,3.67E-08,7.48E-06,0.015470008,0.503732462,0.167056586,3.25E-06,1.10E-07,1.16E-08,3.31E-10,4.55E-09,4.50E-07,3.28E-04,6.10E-08,8.68E-06,9.54E-09,4.34E-08,1.21E-07,5.86E-07,1.49E-07,3.70E-10,7.30E-11,3.09E-11,1.15E-10,7.53E-15,3.42E-07,8.58E-11,3.08E-14,5.37E-11,6.29E-12,1.74E-09,6.50E-14,5.07E-19,1.24E-12,8.03E-13,4.36E-11,2.62E-12,1.18E-11,1.49E-08,3.55E-11,6.62E-11,2.13E-08,0
0.00315,101325,3127.150012,2.81E-05,0.004692258,0.019235742,0.032102318,0.046665539,0.197693202,2.23E-05,1.06E-06,7.20E-08,6.54E-08,5.63E-07,4.78E-08,9.74E-06,0.016841955,0.523231363,0.159031907,3.42E-06,1.36E-07,1.51E-08,4.31E-10,5.92E-09,5.86E-07,4.27E-04,7.94E-08,1.13E-05,1.24E-08,5.64E-08,1.58E-07,7.63E-07,1.94E-07,3.96E-10,8.35E-11,3.84E-11,1.50E-10,7.59E-15,3.38E-07,7.69E-11,2.77E-14,5.50E-11,8.15E-12,2.27E-09,8.46E-14,6.59E-19,1.61E-12,1.04E-12,5.61E-11,3.15E-12,1.54E-11,1.94E-08,4.62E-11,8.61E-11,2.14E-08,1.11E-16
0.003231818,101325,3112.997759,3.66E-05,0.004740346,0.017048007,0.026856571,0.043276915,0.195462763,1.91E-05,9.42E-07,9.35E-08,8.50E-08,7.32E-07,6.21E-08,1.27E-05,0.018320244,0.542784608,0.150864409,3.59E-06,1.69E-07,1.96E-08,5.61E-10,7.70E-09,7.61E-07,5.55E-04,1.03E-07,1.47E-05,1.61E-08,7.33E-08,2.05E-07,9.92E-07,2.53E-07,4.22E-10,9.57E-11,4.78E-11,1.94E-10,7.61E-15,3.34E-07,6.84E-11,2.48E-14,5.63E-11,1.05E-11,2.95E-09,1.10E-13,8.57E-19,2.09E-12,1.34E-12,7.22E-11,3.80E-12,2.00E-11,2.53E-08,6.01E-11,1.12E-10,2.15E-08,2.22E-16
0.003313636,101325,3096.676052,4.75E-05,0.004758522,0.014948393,0.022272041,0.039786248,0.19255287,1.61E-05,8.26E-07,1.21E-07,1.10E-07,9.51E-07,8.07E-08,1.64E-05,0.019909476,0.562356919,0.142586251,3.74E-06,2.11E-07,2.54E-08,7.28E-10,1.00E-08,9.89E-07,7.21E-04,1.34E-07,1.91E-05,2.10E-08,9.53E-08,2.67E-07,1.29E-06,3.28E-07,4.51E-10,1.10E-10,5.97E-11,2.51E-10,7.57E-15,3.29E-07,6.05E-11,2.20E-14,5.75E-11,1.36E-11,3.83E-09,1.43E-13,1.11E-18,2.72E-12,1.72E-12,9.29E-11,4.62E-12,2.59E-11,3.28E-08,7.80E-11,1.45E-10,2.16E-08,2.22E-16
0.003395455,101325,3078.103752,6.17E-05,0.004743925,0.012961961,0.018307555,0.036237887,0.188929725,1.35E-05,7.15E-07,1.58E-07,1.43E-07,1.23E-06,1.05E-07,2.13E-05,0.021612961,0.581904858,0.134233475,3.88E-06,2.65E-07,3.30E-08,9.45E-10,1.30E-08,1.28E-06,9.35E-04,1.74E-07,2.48E-05,2.72E-08,1.24E-07,3.46E-07,1.67E-06,4.26E-07,4.80E-10,1.27E-10,7.45E-11,3.24E-10,7.49E-15,3.25E-07,5.32E-11,1.94E-14,5.86E-11,1.76E-11,4.97E-09,1.85E-13,1.45E-18,3.53E-12,2.22E-12,1.20E-10,5.63E-12,3.37E-11,4.26E-08,1.01E-10,1.89E-10,2.17E-08,2.22E-16
0.003477273,101325,3057.21567,8.00E-05,0.004694072,0.011110569,0.014917259,0.03267988,0.184567497,1.12E-05,6.13E-07,2.04E-07,1.86E-07,1.60E-06,1.36E-07,2.77E-05,0.023432202,0.601374882,0.125846155,4.00E-06,3.33E-07,4.28E-08,1.23E-09,1.68E-08,1.67E-06,0.001213598,2.26E-07,3.21E-05,3.53E-08,1.60E-07,4.49E-07,2.17E-06,5.53E-07,5.11E-10,1.46E-10,9.31E-11,4.19E-10,7.34E-15,3.19E-07,4.64E-11,1.69E-14,5.97E-11,2.28E-11,6.45E-09,2.40E-13,1.88E-18,4.58E-12,2.86E-12,1.54E-10,6.90E-12,4.37E-11,5.53E-08,1.31E-10,2.45E-10,2.17E-08,2.22E-16
0.003559091,101325,3033.971564,1.04E-04,0.004607017,0.009411754,0.012051206,0.029162434,0.179452121,9.20E-06,5.19E-07,2.65E-07,2.41E-07,2.08E-06,1.76E-07,3.59E-05,0.025366303,0.62070089,0.117468419,4.10E-06,4.20E-07,5.56E-08,1.59E-09,2.18E-08,2.16E-06,0.001574111,2.93E-07,4.17E-05,4.58E-08,2.08E-07,5.83E-07,2.81E-06,7.17E-07,5.44E-10,1.69E-10,1.16E-10,5.41E-10,7.14E-15,3.13E-07,4.02E-11,1.47E-14,6.08E-11,2.95E-11,8.36E-09,3.12E-13,2.43E-18,5.94E-12,3.69E-12,1.98E-10,8.48E-12,5.66E-11,7.17E-08,1.71E-10,3.18E-10,2.18E-08,2.22E-16
0.003640909,101325,3008.35759,1.35E-04,0.004481524,0.007877867,0.009656452,0.02573593,0.173585283,7.47E-06,4.35E-07,3.44E-07,3.13E-07,2.69E-06,2.29E-07,4.66E-05,0.027411319,0.639801125,0.109148272,4.19E-06,5.32E-07,7.21E-08,2.06E-09,2.83E-08,2.80E-06,0.002041362,3.80E-07,5.41E-05,5.94E-08,2.70E-07,7.56E-07,3.65E-06,9.30E-07,5.78E-10,1.96E-10,1.46E-10,6.99E-10,6.88E-15,3.06E-07,3.45E-11,1.28E-14,6.17E-11,3.81E-11,1.08E-08,4.04E-13,3.15E-18,7.71E-12,4.76E-12,2.55E-10,1.05E-11,7.35E-11,9.29E-08,2.21E-10,4.12E-10,2.19E-08,2.22E-16
0.003722727,101325,2980.385122,1.75E-04,0.004317253,0.006515517,0.007678482,0.022448586,0.166988744,6.01E-06,3.60E-07,4.45E-07,4.06E-07,3.49E-06,2.97E-07,6.04E-05,0.029559544,0.65857398,0.100937468,4.26E-06,6.75E-07,9.35E-08,2.68E-09,3.67E-08,3.63E-06,0.002647306,4.93E-07,7.01E-05,7.70E-08,3.50E-07,9.80E-07,4.73E-06,1.21E-06,6.14E-10,2.27E-10,1.82E-10,9.02E-10,6.57E-15,2.99E-07,2.94E-11,1.10E-14,6.25E-11,4.92E-11,1.41E-08,5.24E-13,4.09E-18,9.99E-12,6.14E-12,3.28E-10,1.30E-11,9.53E-11,1.21E-07,2.87E-10,5.34E-10,2.20E-08,2.22E-16
0.003804545,101325,2950.077464,2.26E-04,0.004114975,0.005325511,0.006062898,0.019344148,0.159708572,4.79E-06,2.94E-07,5.78E-07,5.26E-07,4.53E-06,3.85E-07,7.84E-05,0.031798713,0.67689236,0.092891524,4.31E-06,8.59E-07,1.21E-07,3.47E-09,4.77E-08,4.71E-06,0.003433736,6.39E-07,9.09E-05,9.99E-08,4.54E-07,1.27E-06,6.14E-06,1.57E-06,6.51E-10,2.63E-10,2.28E-10,1.16E-09,6.20E-15,2.90E-07,2.48E-11,9.52E-15,6.32E-11,6.36E-11,1.82E-08,6.80E-13,5.31E-18,1.30E-11,7.92E-12,4.22E-10,1.61E-11,1.24E-10,1.56E-07,3.72E-10,6.93E-10,2.21E-08,3.33E-16
0.003886364,101325,2917.453469,2.94E-04,0.003876765,0.004303192,0.004757089,0.016459762,0.151819707,3.79E-06,2.38E-07,7.50E-07,6.83E-07,5.88E-06,4.99E-07,1.02E-04,0.0341111,0.69459584,0.085070261,4.34E-06,1.10E-06,1.57E-07,4.50E-09,6.18E-08,6.11E-06,0.004455446,8.29E-07,1.18E-04,1.30E-07,5.89E-07,1.65E-06,7.97E-06,2.03E-06,6.90E-10,3.06E-10,2.85E-10,1.50E-09,5.78E-15,2.79E-07,2.07E-11,8.27E-15,6.36E-11,8.22E-11,2.36E-08,8.82E-13,6.88E-18,1.68E-11,1.02E-11,5.43E-10,2.00E-11,1.60E-10,2.03E-07,4.83E-10,8.99E-10,2.22E-08,2.22E-16
0.003968182,101325,2882.495583,3.81E-04,0.003606268,0.003439258,0.003711755,0.013824498,0.143430704,2.97E-06,1.90E-07,9.73E-07,8.87E-07,7.63E-06,6.48E-07,1.32E-04,0.036472375,0.711479722,0.07753924,4.35E-06,1.40E-06,2.04E-07,5.85E-09,8.03E-08,7.94E-06,0.005784493,1.08E-06,1.53E-04,1.68E-07,7.65E-07,2.14E-06,1.03E-05,2.64E-06,7.28E-10,3.55E-10,3.56E-10,1.94E-09,5.33E-15,2.67E-07,1.72E-11,7.27E-15,6.38E-11,1.06E-10,3.07E-08,1.15E-12,8.94E-18,2.18E-11,1.32E-11,6.98E-10,2.50E-11,2.08E-10,2.63E-07,6.27E-10,1.17E-09,2.22E-08,2.22E-16
0.00405,101325,2845.107201,4.96E-04,0.003309036,0.002720849,0.002882066,0.011458644,0.134689433,2.32E-06,1.51E-07,1.26E-06,1.15E-06,9.92E-06,8.42E-07,1.72E-04,0.038850099,0.727279968,0.070372264,4.36E-06,1.80E-06,2.65E-07,7.60E-09,1.04E-07,1.03E-05,0.007515988,1.40E-06,1.99E-04,2.19E-07,9.94E-07,2.78E-06,1.34E-05,3.43E-06,7.67E-10,4.12E-10,4.44E-10,2.50E-09,4.84E-15,2.51E-07,1.41E-11,6.49E-15,6.35E-11,1.37E-10,3.98E-08,1.49E-12,1.16E-17,2.84E-11,1.70E-11,8.98E-10,3.12E-11,2.70E-10,3.42E-07,8.14E-10,1.52E-09,2.23E-08,2.22E-16
0.004131818,101325,2805.065302,6.45E-04,0.002992915,0.002132731,0.002228381,0.009373736,0.125790991,1.80E-06,1.18E-07,1.64E-06,1.50E-06,1.29E-05,1.10E-06,2.23E-04,0.041201654,0.741652182,0.063655328,4.36E-06,2.31E-06,3.45E-07,9.88E-09,1.36E-07,1.34E-05,0.009776024,1.82E-06,2.59E-04,2.85E-07,1.29E-06,3.62E-06,1.75E-05,4.46E-06,8.02E-10,4.74E-10,5.50E-10,3.21E-09,4.34E-15,2.32E-07,1.14E-11,5.92E-15,6.25E-11,1.77E-10,5.17E-08,1.93E-12,1.51E-17,3.69E-11,2.20E-11,1.15E-09,3.88E-11,3.52E-10,4.45E-07,1.06E-09,1.97E-09,2.24E-08,2.22E-16
0.004213636,101325,2761.987797,8.40E-04,0.002668349,0.00165841,0.00171652,0.007573032,0.11698959,1.39E-06,9.21E-08,2.14E-06,1.95E-06,1.68E-05,1.43E-06,2.91E-04,0.04347149,0.754142501,0.057492054,4.36E-06,2.98E-06,4.50E-07,1.29E-08,1.77E-07,1.75E-05,0.012732721,2.37E-06,3.37E-04,3.71E-07,1.68E-06,4.71E-06,2.28E-05,5.80E-06,8.27E-10,5.38E-10,6.73E-10,4.12E-09,3.83E-15,2.10E-07,9.05E-12,5.51E-15,6.03E-11,2.25E-10,6.68E-08,2.51E-12,1.97E-17,4.81E-11,2.79E-11,1.46E-09,4.71E-11,4.58E-10,5.80E-07,1.38E-09,2.57E-09,2.24E-08,2.22E-16
0.004295455,101325,2715.366974,0.00109546,0.002348117,0.001281066,0.001317674,0.006051878,0.108617031,1.06E-06,7.12E-08,2.79E-06,2.54E-06,2.19E-05,1.86E-06,3.79E-04,0.045587778,0.764147833,0.052010268,4.37E-06,3.85E-06,5.86E-07,1.68E-08,2.30E-07,2.28E-05,0.016611559,3.09E-06,4.40E-04,4.83E-07,2.20E-06,6.15E-06,2.97E-05,7.57E-06,8.22E-10,5.86E-10,7.95E-10,5.19E-09,3.34E-15,1.84E-07,7.09E-12,5.15E-15,5.64E-11,2.69E-10,8.45E-08,3.26E-12,2.56E-17,6.27E-11,3.39E-11,1.81E-09,5.40E-11,5.98E-10,7.56E-07,1.80E-09,3.35E-09,2.25E-08,2.22E-16
0.004377273,101325,2664.856059,0.001428526,0.002044527,9.84E-04,0.001008041,0.004795711,0.101083235,8.15E-07,5.47E-08,3.46E-06,3.20E-06,2.80E-05,2.37E-06,4.91E-04,0.04746655,0.770931045,0.047351701,4.38E-06,4.90E-06,7.45E-07,2.13E-08,2.97E-07,2.96E-05,0.021697485,4.04E-06,5.75E-04,6.32E-07,2.87E-06,7.93E-06,3.87E-05,9.86E-06,7.71E-10,5.96E-10,8.80E-10,6.32E-09,2.87E-15,1.58E-07,5.50E-12,4.74E-15,5.09E-11,2.95E-10,1.02E-07,4.10E-12,3.25E-17,8.01E-11,3.82E-11,2.13E-09,5.68E-11,7.82E-10,9.89E-07,2.34E-09,4.38E-09,2.25E-08,2.22E-16
0.004459091,101325,2610.747179,0.001842516,0.001763135,7.52E-04,7.68E-04,0.003775246,0.094714632,6.21E-07,4.19E-08,3.83E-06,3.63E-06,3.33E-05,2.78E-06,6.11E-04,0.049052188,0.773987636,0.043588721,4.28E-06,5.86E-06,8.73E-07,2.47E-08,3.66E-07,3.71E-05,0.028214916,5.21E-06,7.54E-04,8.19E-07,3.76E-06,9.74E-06,4.94E-05,1.26E-05,6.86E-10,5.69E-10,9.12E-10,7.41E-09,2.44E-15,1.35E-07,4.24E-12,4.35E-15,4.48E-11,2.97E-10,1.17E-07,4.72E-12,3.75E-17,9.71E-11,4.02E-11,2.37E-09,5.54E-11,1.02E-09,1.30E-06,2.96E-09,5.59E-09,2.26E-08,3.33E-16
0.004540909,101325,2553.55746,0.002331047,0.001505127,5.72E-04,5.83E-04,0.002954072,0.08959779,4.72E-07,3.19E-08,3.77E-06,3.69E-06,3.62E-05,2.97E-06,7.19E-04,0.050339062,0.773328123,0.040683168,4.04E-06,6.57E-06,9.38E-07,2.62E-08,4.25E-07,4.36E-05,0.036192146,6.51E-06,9.90E-04,1.03E-06,4.94E-06,1.11E-05,6.10E-05,1.57E-05,5.87E-10,5.18E-10,9.01E-10,8.44E-09,2.05E-15,1.17E-07,3.25E-12,4.03E-15,3.88E-11,2.79E-10,1.29E-07,4.93E-12,3.93E-17,1.12E-10,4.01E-11,2.53E-09,5.12E-11,1.33E-09,1.70E-06,3.58E-09,6.80E-09,2.26E-08,2.22E-16
0.004622727,101325,2493.717812,0.002888535,0.0012706,4.33E-04,4.41E-04,0.002297044,0.085621675,3.56E-07,2.42E-08,3.41E-06,3.43E-06,3.64E-05,2.92E-06,8.00E-04,0.051355584,0.769352393,0.038522825,3.69E-06,6.92E-06,9.34E-07,2.56E-08,4.68E-07,4.77E-05,0.045485823,7.82E-06,0.001304642,1.23E-06,6.50E-06,1.18E-05,7.22E-05,1.86E-05,4.88E-10,4.56E-10,8.61E-10,9.46E-09,1.71E-15,1.02E-07,2.48E-12,3.81E-15,3.33E-11,2.50E-10,1.37E-07,4.76E-12,3.79E-17,1.24E-10,3.85E-11,2.64E-09,4.55E-11,1.71E-09,2.25E-06,4.11E-09,7.90E-09,2.26E-08,3.33E-16
0.004704545,101325,2431.561538,0.003514123,0.001059372,3.25E-04,3.32E-04,0.001773581,0.082570802,2.68E-07,1.82E-08,2.87E-06,2.98E-06,3.43E-05,2.68E-06,8.48E-04,0.052145403,0.762647882,0.036962906,3.25E-06,6.93E-06,8.72E-07,2.36E-08,4.93E-07,4.86E-05,0.055855604,9.09E-06,0.001724553,1.40E-06,8.56E-06,1.17E-05,8.22E-05,2.12E-05,3.96E-10,3.90E-10,7.99E-10,1.05E-08,1.40E-15,9.08E-08,1.88E-12,3.69E-15,2.83E-11,2.14E-10,1.42E-07,4.33E-12,3.42E-17,1.32E-10,3.60E-11,2.70E-09,3.92E-11,2.16E-09,2.98E-06,4.52E-09,8.90E-09,2.27E-08,1.11E-16
0.004786364,101325,2367.371874,0.004212522,8.71E-04,2.43E-04,2.49E-04,0.001358348,0.080199577,2.00E-07,1.37E-08,2.31E-06,2.45E-06,3.05E-05,2.32E-06,8.60E-04,0.052753857,0.753838476,0.035854153,2.79E-06,6.64E-06,7.72E-07,2.05E-08,5.00E-07,4.64E-05,0.067023801,1.03E-05,0.002289197,1.52E-06,1.13E-05,1.10E-05,9.01E-05,2.32E-05,3.14E-10,3.25E-10,7.22E-10,1.15E-08,1.13E-15,8.22E-08,1.42E-12,3.65E-15,2.39E-11,1.78E-10,1.45E-07,3.75E-12,2.92E-17,1.37E-10,3.27E-11,2.73E-09,3.28E-11,2.70E-09,3.97E-06,4.77E-09,9.91E-09,2.27E-08,1.11E-16
0.004868182,101325,2301.424584,0.004992058,7.06E-04,1.81E-04,1.86E-04,0.001030815,0.078281589,1.49E-07,1.02E-08,1.78E-06,1.94E-06,2.58E-05,1.92E-06,8.41E-04,0.053219676,0.743489191,0.035059019,2.33E-06,6.11E-06,6.52E-07,1.71E-08,4.91E-07,4.19E-05,0.078714296,1.16E-05,0.003054029,1.61E-06,1.50E-05,9.74E-06,9.55E-05,2.43E-05,2.44E-10,2.64E-10,6.35E-10,1.24E-08,9.02E-16,7.57E-08,1.06E-12,3.69E-15,1.99E-11,1.43E-10,1.46E-07,3.12E-12,2.39E-17,1.38E-10,2.91E-11,2.71E-09,2.68E-11,3.39E-09,5.32E-06,4.85E-09,1.11E-08,2.27E-08,2.22E-16
0.00495,101325,2234.014447,0.005858842,5.62E-04,1.33E-04,1.39E-04,7.74E-04,0.076636649,1.10E-07,7.54E-09,1.34E-06,1.48E-06,2.10E-05,1.53E-06,7.94E-04,0.053571318,0.732056631,0.034459536,1.90E-06,5.44E-06,5.30E-07,1.37E-08,4.69E-07,3.59E-05,0.090673766,1.29E-05,0.004097964,1.66E-06,2.00E-05,8.28E-06,9.82E-05,2.46E-05,1.85E-10,2.09E-10,5.41E-10,1.33E-08,7.07E-16,7.07E-08,7.93E-13,3.78E-15,1.63E-11,1.12E-10,1.45E-07,2.51E-12,1.89E-17,1.36E-10,2.53E-11,2.64E-09,2.13E-11,4.30E-09,7.17E-06,4.78E-09,1.26E-08,2.27E-08,2.22E-16
0.005031818,101325,2165.489632,0.00681041,4.41E-04,9.75E-05,1.04E-04,5.76E-04,0.075138471,8.12E-08,5.56E-09,9.90E-07,1.10E-06,1.65E-05,1.17E-06,7.25E-04,0.053826493,0.719874908,0.033960988,1.52E-06,4.68E-06,4.15E-07,1.06E-08,4.37E-07,2.95E-05,0.102673611,1.46E-05,0.005534001,1.71E-06,2.67E-05,6.79E-06,9.86E-05,2.40E-05,1.38E-10,1.61E-10,4.46E-10,1.39E-08,5.46E-16,6.69E-08,5.88E-13,3.93E-15,1.31E-11,8.60E-11,1.44E-07,1.97E-12,1.44E-17,1.31E-10,2.15E-11,2.54E-09,1.66E-11,5.55E-09,9.73E-06,4.59E-09,1.46E-08,2.27E-08,0
0.005113636,101325,2096.309086,0.007834001,3.40E-04,7.08E-05,7.86E-05,4.23E-04,0.073707608,5.97E-08,4.08E-09,7.22E-07,8.09E-07,1.26E-05,8.80E-07,6.40E-04,0.053992702,0.707166427,0.03349394,1.20E-06,3.92E-06,3.16E-07,8.03E-09,3.97E-07,2.33E-05,0.114490701,1.66E-05,0.007525126,1.77E-06,3.60E-05,5.38E-06,9.69E-05,2.26E-05,1.02E-10,1.22E-10,3.57E-10,1.44E-08,4.14E-16,6.39E-08,4.33E-13,4.15E-15,1.04E-11,6.46E-11,1.42E-07,1.52E-12,1.08E-17,1.24E-10,1.80E-11,2.41E-09,1.26E-11,7.31E-09,1.33E-05,4.33E-09,1.73E-08,2.27E-08,3.33E-16
0.005195455,101325,2027.130332,0.008910389,2.58E-04,5.10E-05,6.07E-05,3.08E-04,0.072297999,4.39E-08,3.00E-09,5.20E-07,5.85E-07,9.35E-06,6.46E-07,5.48E-04,0.054067191,0.694064822,0.033014569,9.28E-07,3.21E-06,2.34E-07,5.93E-09,3.55E-07,1.78E-05,0.12587114,1.94E-05,0.010307894,1.90E-06,4.88E-05,4.16E-06,9.39E-05,2.07E-05,7.41E-11,9.02E-11,2.78E-10,1.47E-08,3.10E-16,6.16E-08,3.19E-13,4.46E-15,8.13E-12,4.77E-11,1.40E-07,1.17E-12,7.88E-18,1.16E-10,1.47E-11,2.26E-09,9.35E-12,9.84E-09,1.83E-05,4.04E-09,2.09E-08,2.27E-08,5.55E-16
0.005277273,101325,1958.90869,0.010019001,1.92E-04,3.64E-05,4.81E-05,2.21E-04,0.070884186,3.24E-08,2.21E-09,3.72E-07,4.18E-07,6.81E-06,4.65E-07,4.56E-04,0.05403589,0.680641523,0.032501439,7.12E-07,2.58E-06,1.70E-07,4.31E-09,3.13E-07,1.33E-05,0.136484466,2.32E-05,0.014224755,2.14E-06,6.67E-05,3.14E-06,9.00E-05,1.85E-05,5.32E-11,6.60E-11,2.12E-10,1.49E-08,2.28E-16,5.96E-08,2.35E-13,4.89E-15,6.26E-12,3.46E-11,1.37E-07,8.86E-13,5.67E-18,1.08E-10,1.18E-11,2.11E-09,6.84E-12,1.35E-08,2.54E-05,3.77E-09,2.57E-08,2.26E-08,3.33E-16
0.005359091,101325,1892.904316,0.011141089,1.42E-04,2.57E-05,3.91E-05,1.57E-04,0.069452649,2.41E-08,1.64E-09,2.63E-07,2.96E-07,4.88E-06,3.31E-07,3.72E-04,0.053874258,0.66693028,0.031948826,5.41E-07,2.06E-06,1.22E-07,3.09E-09,2.75E-07,9.67E-06,0.145909668,2.82E-05,0.019726047,2.58E-06,9.20E-05,2.33E-06,8.58E-05,1.61E-05,3.79E-11,4.77E-11,1.58E-10,1.49E-08,1.65E-16,5.78E-08,1.76E-13,5.43E-15,4.77E-12,2.48E-11,1.35E-07,6.72E-13,4.03E-18,1.01E-10,9.42E-12,1.96E-09,4.93E-12,1.87E-08,3.57E-05,3.55E-09,3.20E-08,2.26E-08,4.44E-16
0.005440909,101325,1830.328699,0.012261296,1.03E-04,1.80E-05,3.25E-05,1.11E-04,0.067996889,1.81E-08,1.23E-09,1.84E-07,2.07E-07,3.45E-06,2.33E-07,3.00E-04,0.053558104,0.652946675,0.031358938,4.11E-07,1.66E-06,8.65E-08,2.19E-09,2.44E-07,6.94E-06,0.153756985,3.40E-05,0.027230514,3.26E-06,1.28E-04,1.71E-06,8.15E-05,1.38E-05,2.67E-11,3.42E-11,1.16E-10,1.49E-08,1.19E-16,5.62E-08,1.36E-13,6.06E-15,3.61E-12,1.76E-11,1.32E-07,5.10E-13,2.84E-18,9.37E-11,7.41E-12,1.84E-09,3.51E-12,2.63E-08,5.04E-05,3.42E-09,3.99E-08,2.25E-08,1.11E-16
0.005522727,101325,1771.909893,0.013367729,7.45E-05,1.25E-05,2.74E-05,7.70E-05,0.066514462,1.39E-08,9.48E-10,1.28E-07,1.44E-07,2.41E-06,1.62E-07,2.41E-04,0.053076144,0.638700141,0.03073636,3.12E-07,1.36E-06,6.06E-08,1.53E-09,2.20E-07,4.91E-06,0.159819509,3.98E-05,0.036957126,4.25E-06,1.80E-04,1.24E-06,7.74E-05,1.16E-05,1.86E-11,2.43E-11,8.49E-11,1.47E-08,8.43E-17,5.46E-08,1.11E-13,6.74E-15,2.73E-12,1.23E-11,1.29E-07,3.91E-13,1.97E-18,8.74E-11,5.79E-12,1.72E-09,2.48E-12,3.73E-08,7.20E-05,3.35E-09,4.95E-08,2.25E-08,2.22E-16
0.005604545,101325,1717.84115,0.01445055,5.35E-05,8.58E-06,2.33E-05,5.31E-05,0.065005034,1.09E-08,7.59E-10,8.77E-08,9.88E-08,1.67E-06,1.11E-07,1.94E-04,0.052431146,0.624198871,0.03008565,2.39E-07,1.15E-06,4.21E-08,1.07E-09,2.03E-07,3.44E-06,0.164083258,4.53E-05,0.048912482,5.61E-06,2.55E-04,8.93E-07,7.34E-05,9.68E-06,1.29E-11,1.72E-11,6.15E-11,1.46E-08,5.95E-17,5.31E-08,9.83E-14,7.45E-15,2.07E-12,8.51E-12,1.26E-07,3.04E-13,1.36E-18,8.17E-11,4.51E-12,1.62E-09,1.73E-12,5.33E-08,1.04E-04,3.35E-09,6.05E-08,2.24E-08,0
0.005686364,101325,1667.949114,0.015500743,3.83E-05,5.84E-06,2.00E-05,3.63E-05,0.063469232,8.90E-09,6.41E-10,5.97E-08,6.72E-08,1.14E-06,7.60E-08,1.58E-04,0.051634953,0.609450952,0.029410671,1.85E-07,1.00E-06,2.90E-08,7.37E-10,1.89E-07,2.38E-06,0.166661064,5.00E-05,0.062962313,7.41E-06,3.60E-04,6.40E-07,6.96E-05,7.99E-06,8.86E-12,1.22E-11,4.43E-11,1.43E-08,4.17E-17,5.17E-08,9.68E-14,8.16E-15,1.58E-12,5.84E-12,1.23E-07,2.42E-13,9.27E-19,7.66E-11,3.51E-12,1.54E-09,1.20E-12,7.68E-08,1.51E-04,3.41E-09,7.28E-08,2.23E-08,1.11E-16
0.005768182,101325,1621.859133,0.016509721,2.74E-05,3.93E-06,1.72E-05,2.46E-05,0.061908024,7.57E-09,5.77E-10,4.02E-08,4.53E-08,7.77E-07,5.13E-08,1.30E-04,0.050703802,0.594464219,0.028714547,1.46E-07,9.00E-07,1.99E-08,5.06E-10,1.79E-07,1.63E-06,0.167731002,5.38E-05,0.078898985,9.69E-06,5.04E-04,4.58E-07,6.60E-05,6.56E-06,6.04E-12,8.63E-12,3.19E-11,1.41E-08,2.90E-17,5.02E-08,1.06E-13,8.84E-15,1.22E-12,3.97E-12,1.20E-07,1.98E-13,6.27E-19,7.21E-11,2.74E-12,1.46E-09,8.26E-13,1.11E-07,2.21E-04,3.51E-09,8.63E-08,2.22E-08,1.11E-16
0.00585,101325,1579.103574,0.017469373,1.96E-05,2.62E-06,1.50E-05,1.65E-05,0.06032239,6.73E-09,5.55E-10,2.68E-08,3.02E-08,5.22E-07,3.43E-08,1.09E-04,0.049655391,0.579245833,0.027999763,1.17E-07,8.37E-07,1.35E-08,3.46E-10,1.71E-07,1.11E-06,0.167497218,5.65E-05,0.096485273,1.25E-05,6.96E-04,3.27E-07,6.26E-05,5.37E-06,4.10E-12,6.16E-12,2.30E-11,1.38E-08,2.01E-17,4.88E-08,1.27E-13,9.47E-15,9.67E-13,2.67E-12,1.17E-07,1.67E-13,4.20E-19,6.80E-11,2.15E-12,1.40E-09,5.65E-13,1.57E-07,3.26E-04,3.64E-09,1.01E-07,2.20E-08,1.11E-16
0.005931818,101325,1539.18393,0.018372343,1.40E-05,1.73E-06,1.31E-05,1.09E-05,0.058713173,6.24E-09,5.68E-10,1.77E-08,1.99E-08,3.47E-07,2.27E-08,9.27E-05,0.048507279,0.563801858,0.027268289,9.62E-08,8.00E-07,9.17E-09,2.36E-10,1.64E-07,7.44E-07,0.166167987,5.77E-05,0.115479818,1.57E-05,9.39E-04,2.34E-07,5.95E-05,4.39E-06,2.77E-12,4.44E-12,1.65E-11,1.35E-08,1.39E-17,4.74E-08,1.63E-13,1.00E-14,7.79E-13,1.78E-12,1.14E-07,1.45E-13,2.78E-19,6.44E-11,1.70E-12,1.34E-09,3.84E-13,2.17E-07,4.77E-04,3.77E-09,1.16E-07,2.19E-08,0
0.006013636,101325,1501.607437,0.019212465,1.01E-05,1.13E-06,1.15E-05,7.19E-06,0.057081001,5.99E-09,6.12E-10,1.16E-08,1.30E-08,2.29E-07,1.49E-08,7.95E-05,0.047276017,0.548136915,0.026521669,8.01E-08,7.84E-07,6.20E-09,1.61E-10,1.59E-07,4.95E-07,0.163943086,5.73E-05,0.135652678,1.93E-05,0.001236865,1.68E-07,5.67E-05,3.61E-06,1.87E-12,3.25E-12,1.19E-11,1.31E-08,9.61E-18,4.60E-08,2.20E-13,1.05E-14,6.39E-13,1.18E-12,1.10E-07,1.28E-13,1.83E-19,6.12E-11,1.36E-12,1.28E-09,2.60E-13,2.87E-07,6.90E-04,3.88E-09,1.32E-07,2.17E-08,1.11E-16
0.006095455,101325,1465.90885,0.019985406,7.26E-06,7.31E-07,1.02E-05,4.69E-06,0.055426264,5.92E-09,6.84E-10,7.47E-09,8.42E-09,1.50E-07,9.63E-09,6.84E-05,0.04597664,0.532253936,0.025761094,6.73E-08,7.81E-07,4.19E-09,1.11E-10,1.56E-07,3.27E-07,0.161006379,5.53E-05,0.156795131,2.31E-05,0.001587109,1.20E-07,5.41E-05,2.98E-06,1.26E-12,2.42E-12,8.61E-12,1.28E-08,6.61E-18,4.46E-08,3.07E-13,1.09E-14,5.32E-13,7.72E-13,1.07E-07,1.15E-13,1.19E-19,5.83E-11,1.11E-12,1.23E-09,1.75E-13,3.59E-07,9.79E-04,3.96E-09,1.47E-07,2.15E-08,0
0.006177273,101325,1431.665175,0.020689372,5.22E-06,4.68E-07,9.11E-06,3.03E-06,0.053749106,5.98E-09,7.88E-10,4.78E-09,5.39E-09,9.68E-08,6.18E-09,5.87E-05,0.044622334,0.516153999,0.024987454,5.67E-08,7.89E-07,2.84E-09,7.64E-11,1.54E-07,2.13E-07,0.157520863,5.18E-05,0.178726474,2.69E-05,0.001984966,8.60E-08,5.19E-05,2.48E-06,8.46E-13,1.84E-12,6.20E-12,1.24E-08,4.52E-18,4.31E-08,4.38E-13,1.12E-14,4.47E-13,5.01E-13,1.04E-07,1.04E-13,7.68E-20,5.58E-11,9.14E-13,1.19E-09,1.17E-13,4.26E-07,0.001353652,4.00E-09,1.63E-07,2.13E-08,0
0.006259091,101325,1398.506591,0.021325547,3.75E-06,2.96E-07,8.20E-06,1.93E-06,0.052049435,6.15E-09,9.30E-10,3.03E-09,3.41E-09,6.19E-08,3.93E-09,5.00E-05,0.043224176,0.499836273,0.024201373,4.77E-08,8.02E-07,1.92E-09,5.35E-11,1.54E-07,1.37E-07,0.153625001,4.69E-05,0.201298805,3.06E-05,0.002422545,6.14E-08,4.98E-05,2.10E-06,5.72E-13,1.42E-12,4.45E-12,1.20E-08,3.08E-18,4.17E-08,6.36E-13,1.14E-14,3.76E-13,3.21E-13,1.00E-07,9.33E-14,4.90E-20,5.35E-11,7.70E-13,1.14E-09,7.80E-14,4.78E-07,0.001821056,3.99E-09,1.78E-07,2.10E-08,1.11E-16
0.006340909,101325,1366.121319,0.021898268,2.67E-06,1.86E-07,7.44E-06,1.22E-06,0.050326946,6.42E-09,1.12E-09,1.90E-09,2.14E-09,3.92E-08,2.46E-09,4.21E-05,0.041791032,0.483298031,0.02340324,3.98E-08,8.19E-07,1.31E-09,3.82E-11,1.55E-07,8.74E-08,0.149431418,4.13E-05,0.224398474,3.40E-05,0.002889885,4.36E-08,4.79E-05,1.80E-06,3.88E-13,1.11E-12,3.17E-12,1.16E-08,2.08E-18,4.03E-08,9.33E-13,1.16E-14,3.16E-13,2.04E-13,9.70E-08,8.33E-14,3.09E-20,5.14E-11,6.63E-13,1.10E-09,5.16E-14,5.08E-07,0.002381993,3.92E-09,1.93E-07,2.07E-08,0
0.006422727,101325,1334.259183,0.022414422,1.89E-06,1.15E-07,6.81E-06,7.63E-07,0.048581136,6.81E-09,1.37E-09,1.17E-09,1.32E-09,2.45E-08,1.53E-09,3.50E-05,0.040329513,0.46653475,0.022593237,3.28E-08,8.34E-07,9.04E-10,2.79E-11,1.58E-07,5.49E-08,0.145026201,3.52E-05,0.247945907,3.70E-05,0.003376217,3.08E-08,4.62E-05,1.57E-06,2.66E-13,8.80E-13,2.24E-12,1.12E-08,1.39E-18,3.88E-08,1.37E-12,1.16E-14,2.64E-13,1.28E-13,9.36E-08,7.37E-14,1.93E-20,4.95E-11,5.82E-13,1.06E-09,3.39E-14,5.13E-07,0.003032129,3.80E-09,2.06E-07,2.04E-08,0
0.006504545,101325,1302.728386,0.022882522,1.33E-06,7.03E-08,6.27E-06,4.72E-07,0.046811335,7.36E-09,1.71E-09,7.18E-10,8.10E-10,1.51E-08,9.37E-10,2.85E-05,0.038844138,0.449540265,0.021771365,2.67E-08,8.46E-07,6.29E-10,2.11E-11,1.63E-07,3.41E-08,0.140470904,2.91E-05,0.27189192,3.95E-05,0.003871152,2.15E-08,4.45E-05,1.40E-06,1.84E-13,7.01E-13,1.57E-12,1.08E-08,9.24E-19,3.74E-08,2.01E-12,1.15E-14,2.19E-13,7.91E-14,9.01E-08,6.44E-14,1.18E-20,4.76E-11,5.21E-13,1.02E-09,2.21E-14,4.96E-07,0.003763157,3.65E-09,2.17E-07,2.01E-08,0
0.006586364,101325,1271.387359,0.023311825,9.19E-07,4.25E-08,5.81E-06,2.88E-07,0.045016715,8.09E-09,2.16E-09,4.34E-10,4.89E-10,9.22E-09,5.67E-10,2.29E-05,0.037337622,0.432306885,0.02093747,2.15E-08,8.52E-07,4.43E-10,1.66E-11,1.68E-07,2.08E-08,0.13580634,2.35E-05,0.29621192,4.17E-05,0.004365636,1.49E-08,4.29E-05,1.26E-06,1.29E-13,5.60E-13,1.08E-12,1.04E-08,6.04E-19,3.59E-08,2.89E-12,1.14E-14,1.80E-13,4.84E-14,8.65E-08,5.57E-14,7.25E-21,4.58E-11,4.74E-13,9.79E-10,1.43E-14,4.61E-07,0.004564425,3.47E-09,2.26E-07,1.97E-08,0
0.006668182,101325,1240.134847,0.023711498,6.27E-07,2.53E-08,5.40E-06,1.73E-07,0.043196308,9.05E-09,2.71E-09,2.59E-10,2.92E-10,5.54E-09,3.38E-10,1.80E-05,0.035811209,0.414825503,0.020091266,1.70E-08,8.53E-07,3.17E-10,1.36E-11,1.73E-07,1.25E-08,0.131056915,1.84E-05,0.320899668,4.35E-05,0.004852585,1.01E-08,4.13E-05,1.16E-06,9.26E-14,4.46E-13,7.40E-13,9.95E-09,3.90E-19,3.44E-08,4.08E-12,1.11E-14,1.45E-13,2.91E-14,8.30E-08,4.77E-14,4.42E-21,4.41E-11,4.37E-13,9.39E-10,9.14E-15,4.15E-07,0.005424594,3.27E-09,2.33E-07,1.93E-08,0
0.00675,101325,1208.899265,0.02408971,4.22E-07,1.49E-08,5.05E-06,1.03E-07,0.041349018,1.03E-08,3.37E-09,1.53E-10,1.71E-10,3.29E-09,1.99E-10,1.39E-05,0.034265059,0.397085739,0.019232357,1.33E-08,8.47E-07,2.30E-10,1.17E-11,1.79E-07,7.44E-09,0.126234942,1.41E-05,0.345961733,4.50E-05,0.005327077,6.78E-09,3.97E-05,1.07E-06,6.79E-14,3.55E-13,4.99E-13,9.52E-09,2.48E-19,3.29E-08,5.59E-12,1.09E-14,1.17E-13,1.73E-14,7.93E-08,4.05E-14,2.76E-21,4.23E-11,4.07E-13,8.99E-10,5.80E-15,3.63E-07,0.006333229,3.05E-09,2.38E-07,1.88E-08,0
0.006831818,101325,1177.628364,0.024453432,2.80E-07,8.64E-09,4.72E-06,6.02E-08,0.039473625,1.19E-08,4.10E-09,8.89E-11,9.94E-11,1.93E-09,1.15E-10,1.06E-05,0.032698562,0.379075947,0.018360249,1.02E-08,8.35E-07,1.70E-10,1.05E-11,1.85E-07,4.34E-09,0.121344653,1.05E-05,0.371412711,4.61E-05,0.005786247,4.45E-09,3.81E-05,1.00E-06,5.10E-14,2.80E-13,3.32E-13,9.08E-09,1.55E-19,3.13E-08,7.44E-12,1.05E-14,9.21E-14,1.01E-14,7.56E-08,3.40E-14,1.89E-21,4.06E-11,3.82E-13,8.59E-10,3.66E-15,3.11E-07,0.007281481,2.82E-09,2.40E-07,1.83E-08,2.22E-16
0.006913636,101325,1146.281108,0.024808345,1.82E-07,4.93E-09,4.42E-06,3.47E-08,0.03756877,1.38E-08,4.83E-09,5.15E-11,5.67E-11,1.11E-09,6.58E-11,7.88E-06,0.031110577,0.360783156,0.017474359,7.77E-09,8.18E-07,1.26E-10,9.85E-12,1.91E-07,2.49E-09,0.116385181,7.66E-06,0.397271996,4.68E-05,0.006229076,2.88E-09,3.65E-05,9.42E-07,3.94E-14,2.19E-13,2.17E-13,8.63E-09,9.49E-20,2.98E-08,9.58E-12,1.01E-14,7.18E-14,5.82E-15,7.19E-08,2.83E-14,1.58E-21,3.89E-11,3.59E-13,8.17E-10,2.30E-15,2.62E-07,0.008262431,2.63E-09,2.40E-07,1.78E-08,0
0.006995455,101325,1114.821192,0.025158883,1.16E-07,2.77E-09,4.14E-06,1.97E-08,0.035632955,1.60E-08,5.50E-09,2.98E-11,3.18E-11,6.28E-10,3.69E-11,5.77E-06,0.029499615,0.342193004,0.01657402,5.80E-09,7.96E-07,9.49E-11,9.50E-12,1.95E-07,1.41E-09,0.111352698,5.44E-06,0.42356178,4.71E-05,0.006656024,1.82E-09,3.49E-05,8.85E-07,3.13E-14,1.69E-13,1.40E-13,8.18E-09,5.70E-20,2.82E-08,1.19E-11,9.69E-15,5.52E-14,3.29E-15,6.81E-08,2.33E-14,1.79E-21,3.71E-11,3.38E-13,7.76E-10,1.45E-15,2.20E-07,0.0092711,2.41E-09,2.39E-07,1.72E-08,0
0.007077273,101325,1083.212436,0.025508437,7.26E-08,1.53E-09,3.88E-06,1.10E-08,0.033664515,1.86E-08,6.05E-09,1.74E-11,1.76E-11,3.55E-10,2.04E-11,4.15E-06,0.02786394,0.323289532,0.015658478,4.26E-09,7.69E-07,7.11E-11,9.32E-12,1.98E-07,7.79E-10,0.106241786,3.77E-06,0.450306166,4.68E-05,0.007068703,1.12E-09,3.32E-05,8.32E-07,2.57E-14,1.29E-13,8.89E-14,7.72E-09,3.35E-20,2.66E-08,1.44E-11,9.22E-15,4.17E-14,1.82E-15,6.43E-08,1.90E-14,2.62E-21,3.53E-11,3.18E-13,7.33E-10,9.36E-16,1.84E-07,0.010304206,2.23E-09,2.35E-07,1.65E-08,0
0.007159091,101325,1051.415338,0.025859531,4.44E-08,8.27E-10,3.61E-06,5.99E-09,0.031661596,2.13E-08,6.42E-09,1.05E-11,9.51E-12,2.08E-10,1.10E-11,2.93E-06,0.026201637,0.304054942,0.01472688,3.08E-09,7.38E-07,5.34E-11,9.25E-12,1.99E-07,4.23E-10,0.101046219,2.55E-06,0.477531064,4.60E-05,0.007469477,6.82E-10,3.14E-05,7.80E-07,2.17E-14,9.67E-14,5.54E-14,7.25E-09,1.92E-20,2.50E-08,1.69E-11,8.72E-15,3.10E-14,9.94E-16,6.04E-08,1.53E-14,4.42E-21,3.34E-11,2.98E-13,6.90E-10,6.28E-16,1.57E-07,0.011359892,2.07E-09,2.29E-07,1.58E-08,0
0.007240909,101325,1019.384898,0.026214069,2.65E-08,4.39E-10,3.36E-06,3.19E-09,0.029622123,2.40E-08,6.60E-09,6.57E-12,5.05E-12,1.39E-10,5.86E-12,2.04E-06,0.024510607,0.28446929,0.013778267,2.19E-09,7.02E-07,4.04E-11,9.26E-12,1.97E-07,2.25E-10,0.095759249,1.68E-06,0.505264418,4.45E-05,0.007861245,4.09E-10,2.96E-05,7.28E-07,1.90E-14,7.15E-14,3.39E-14,6.78E-09,1.06E-20,2.34E-08,1.92E-11,8.19E-15,2.26E-14,5.31E-16,5.65E-08,1.22E-14,7.99E-21,3.14E-11,2.78E-13,6.46E-10,4.54E-16,1.39E-07,0.012437392,1.96E-09,2.21E-07,1.51E-08,1.11E-16
0.007322727,101325,987.060895,0.026573478,1.54E-08,2.29E-10,3.11E-06,1.68E-09,0.027543746,2.65E-08,6.58E-09,4.32E-12,2.62E-12,1.28E-10,3.04E-12,1.41E-06,0.022788578,0.264510047,0.012811551,1.53E-09,6.62E-07,3.77E-11,9.40E-12,1.94E-07,1.17E-10,0.090373712,1.09E-06,0.533537254,4.26E-05,0.008247023,2.39E-10,2.76E-05,6.77E-07,1.66E-14,5.20E-14,2.04E-14,6.30E-09,5.51E-21,2.17E-08,2.12E-11,7.63E-15,1.62E-14,2.78E-16,5.25E-08,9.66E-15,1.49E-20,2.93E-11,2.58E-13,6.00E-10,3.59E-16,1.30E-07,0.013536802,1.87E-09,2.12E-07,1.43E-08,0
0.007404545,101325,954.3193707,0.026938899,8.69E-09,1.16E-10,2.86E-06,8.64E-10,0.025423748,2.86E-08,6.40E-09,3.00E-12,1.33E-12,9.89E-11,1.55E-12,9.76E-07,0.021033009,0.244151082,0.01182547,1.05E-09,6.18E-07,3.49E-11,9.68E-12,1.87E-07,5.95E-11,0.084881761,6.91E-07,0.562385118,4.01E-05,0.0086299,1.35E-10,2.56E-05,6.24E-07,1.45E-14,3.73E-14,1.21E-14,5.81E-09,2.80E-21,2.00E-08,2.27E-11,7.05E-15,1.14E-14,1.43E-16,4.84E-08,7.63E-15,2.88E-20,2.72E-11,2.38E-13,5.54E-10,3.14E-16,1.32E-07,0.014658879,1.83E-09,2.02E-07,1.34E-08,0
0.007486364,101325,921.0860391,0.02731129,4.78E-09,5.76E-11,2.60E-06,4.30E-10,0.023258969,2.99E-08,6.07E-09,2.18E-12,6.61E-13,4.90E-11,7.66E-13,6.85E-07,0.019241049,0.223362001,0.010818553,6.96E-10,5.70E-07,3.41E-11,1.02E-11,1.79E-07,2.95E-11,0.079274662,4.39E-07,0.591849535,3.72E-05,0.009012752,7.34E-11,2.35E-05,5.71E-07,1.26E-14,2.63E-14,7.16E-15,5.31E-09,1.39E-21,1.83E-08,2.37E-11,6.46E-15,7.92E-15,7.24E-17,4.42E-08,6.02E-15,5.66E-20,2.49E-11,2.18E-13,5.07E-10,2.96E-16,1.49E-07,0.015804922,1.89E-09,1.90E-07,1.25E-08,0
0.007568182,101325,887.2885555,0.027691532,2.54E-09,2.78E-11,2.35E-06,2.10E-10,0.021045712,3.03E-08,5.63E-09,1.65E-12,3.19E-13,2.36E-11,3.70E-13,4.93E-07,0.01740949,0.202107654,0.009789096,4.37E-10,5.19E-07,3.94E-11,1.10E-11,1.68E-07,1.42E-11,0.07354259,2.70E-07,0.621978938,3.40E-05,0.009398208,3.79E-11,2.13E-05,5.16E-07,1.08E-14,1.82E-14,4.04E-15,4.80E-09,6.68E-22,1.65E-08,2.41E-11,5.85E-15,5.39E-15,3.62E-17,4.00E-08,4.72E-15,1.11E-19,2.26E-11,1.97E-13,4.59E-10,2.94E-16,1.84E-07,0.016976672,2.10E-09,1.75E-07,1.15E-08,0
0.00765,101325,852.8336636,0.028080521,1.31E-09,1.30E-11,2.09E-06,1.00E-10,0.018779743,2.96E-08,5.10E-09,1.27E-12,1.49E-13,1.11E-11,1.73E-13,3.73E-07,0.015534646,0.180347029,0.008735118,3.25E-10,4.65E-07,5.25E-11,1.24E-11,1.56E-07,6.66E-12,0.067674272,1.69E-07,0.652829909,3.05E-05,0.009788682,2.30E-11,1.91E-05,4.61E-07,9.15E-15,1.24E-14,2.24E-15,4.28E-09,3.13E-22,1.47E-08,2.37E-11,5.22E-15,3.62E-15,1.82E-17,3.57E-08,3.73E-15,2.01E-19,2.02E-11,1.75E-13,4.09E-10,3.02E-16,2.47E-07,0.018176288,2.24E-09,1.57E-07,1.04E-08,1.11E-16
0.007731818,101325,817.5977896,0.028479225,6.53E-10,5.90E-12,1.83E-06,4.56E-11,0.016456004,2.79E-08,4.51E-09,9.96E-13,6.76E-14,5.02E-12,7.85E-14,3.05E-07,0.013612226,0.158031579,0.007654267,2.48E-10,4.10E-07,7.72E-11,1.44E-11,1.43E-07,3.02E-12,0.061656484,1.10E-07,0.684470096,2.69E-05,0.010186339,1.44E-11,1.67E-05,4.04E-07,7.58E-15,8.29E-15,1.24E-15,3.75E-09,1.42E-22,1.29E-08,2.25E-11,4.57E-15,2.41E-15,9.43E-18,3.12E-08,3.01E-15,2.93E-19,1.77E-11,1.54E-13,3.58E-10,3.16E-16,3.48E-07,0.019406402,2.20E-09,1.39E-07,9.23E-09,0
0.007813636,101325,781.4162442,0.028888729,3.09E-10,2.59E-12,1.56E-06,2.06E-11,0.014068407,2.52E-08,3.88E-09,7.83E-13,2.96E-14,2.20E-12,3.43E-14,2.05E-07,0.011637134,0.135102858,0.006543711,1.57E-10,3.50E-07,4.98E-11,1.29E-11,1.22E-07,1.32E-12,0.0554734,6.65E-08,0.71698197,2.28E-05,0.010593193,7.06E-12,1.43E-05,3.45E-07,6.19E-15,5.38E-15,6.60E-16,3.20E-09,6.20E-23,1.10E-08,2.05E-11,3.90E-15,1.54E-15,5.30E-18,2.67E-08,2.30E-15,3.33E-19,1.51E-11,1.31E-13,3.06E-10,3.33E-16,4.09E-07,0.0206702,1.88E-09,1.19E-07,7.99E-09,3.33E-16
0.007895455,101325,744.0650841,0.029310404,1.40E-10,1.10E-12,1.29E-06,8.98E-12,0.011609448,2.16E-08,3.21E-09,6.07E-13,1.24E-14,9.36E-13,1.44E-14,1.32E-07,0.009603086,0.111488814,0.005399963,1.02E-10,2.89E-07,3.47E-11,1.12E-11,1.00E-07,5.55E-13,0.049105544,3.98E-08,0.75046651,1.88E-05,0.011011211,3.33E-12,1.18E-05,2.85E-07,4.92E-15,3.42E-15,3.53E-16,2.64E-09,2.61E-23,9.09E-09,1.78E-11,3.22E-15,9.66E-16,3.35E-18,2.20E-08,1.75E-15,3.07E-19,1.25E-11,1.08E-13,2.52E-10,3.44E-16,4.69E-07,0.021971689,1.56E-09,9.88E-08,6.67E-09,2.22E-16
0.007977273,101325,705.2360923,0.029745903,5.99E-11,4.47E-13,1.00E-06,3.81E-12,0.009069662,1.72E-08,2.51E-09,4.55E-13,5.05E-15,3.80E-13,5.86E-15,7.81E-08,0.007502218,0.087098544,0.004218619,7.02E-11,2.26E-07,2.49E-11,9.04E-12,7.85E-08,2.25E-13,0.042528384,2.36E-08,0.785052253,1.46E-05,0.011442452,1.57E-12,9.22E-06,2.23E-07,3.74E-15,2.13E-15,1.93E-16,2.06E-09,1.06E-23,7.09E-09,1.44E-11,2.51E-15,6.03E-16,2.37E-18,1.72E-08,1.29E-15,2.41E-19,9.73E-12,8.44E-14,1.97E-10,3.36E-16,4.72E-07,0.023315898,1.24E-09,7.75E-08,5.26E-09,4.44E-16
0.008059091,101325,664.4945307,0.030197357,2.56E-11,1.85E-13,7.12E-07,1.57E-12,0.006436713,1.24E-08,1.78E-09,3.15E-13,2.08E-15,1.57E-13,2.42E-15,4.36E-08,0.005324306,0.0618136,0.002993942,5.19E-11,1.61E-07,1.71E-11,6.70E-12,5.58E-08,9.30E-14,0.035709969,1.39E-08,0.820906934,1.04E-05,0.011889279,8.40E-13,6.54E-06,1.58E-07,2.62E-15,1.30E-15,1.11E-16,1.46E-09,4.37E-24,5.03E-09,1.04E-11,1.78E-15,3.72E-16,1.72E-18,1.22E-08,8.82E-16,1.66E-19,6.90E-12,5.99E-14,1.40E-10,2.83E-16,3.87E-07,0.024709378,9.02E-10,5.52E-08,3.75E-09,2.22E-16
0.0081,101325,643,0.030432304,2.02E-11,1.45E-13,5.60E-07,1.24E-12,0.00506643,9.74E-09,1.40E-09,2.48E-13,1.64E-15,1.23E-13,1.90E-15,3.43E-08,0.004190844,0.048654376,0.002356575,4.08E-11,1.26E-07,1.35E-11,5.28E-12,4.40E-08,7.32E-14,0.032161415,1.09E-08,0.839567106,8.15E-06,0.012121784,6.61E-13,5.15E-06,1.24E-07,2.06E-15,1.03E-15,8.72E-17,1.15E-09,3.44E-24,3.96E-09,8.20E-12,1.40E-15,2.93E-16,1.36E-18,9.59E-09,6.95E-16,1.31E-19,5.43E-12,4.72E-14,1.10E-10,2.23E-16,3.05E-07,0.025434588,7.10E-10,4.34E-08,2.95E-09,1.75E-16